,url,name,biz_id,address,category,star_rating
0,https://www.yelp.com/biz/fukuro-noodle-bar-buenos-aires-2?osq=food,Fukuro Noodle Bar,fukuro-noodle-bar-buenos-aires-2,Costa Rica 5514,"['Japanese', 'Taiwanese']",4.5
1,https://www.yelp.com/biz/la-cocina-buenos-aires-2?osq=food,La Cocina,la-cocina-buenos-aires-2,Av. Pueyrredón 1508,"['Argentine', 'Empanadas']",4.5
2,https://www.yelp.com/biz/sarkis-buenos-aires-2?osq=food,Sarkis,sarkis-buenos-aires-2,Thames 1101,"['Arabian', 'Armenian', 'Middle Eastern']",4.5
3,https://www.yelp.com/biz/la-vermuter%C3%ADa-buenos-aires-3?osq=food,La Vermutería,la-vermuter%C3%ADa-buenos-aires-3,Lavalle 3780,"['Tapas Bars', 'Diners', 'Dive Bars']",4.0
4,https://www.yelp.com/biz/cachito-premium-buenos-aires-3?osq=food,Cachito Premium,cachito-premium-buenos-aires-3,Serrano 1106,"['Steakhouses', 'Sandwiches', 'Argentine']",4.0
5,https://www.yelp.com/biz/tintoreria-yafuso-buenos-aires?osq=food,Tintoreria Yafuso,tintoreria-yafuso-buenos-aires,Juan Ramirez de Velasco 399,"['Japanese', 'Sushi Bars']",5.0
6,https://www.yelp.com/biz/koko-buenos-aires?osq=food,Koko,koko-buenos-aires,Arévalo 1470,"['Vietnamese', 'Taiwanese', 'Asian Fusion']",4.5
7,https://www.yelp.com/biz/%C5%BEuti-buenos-aires?osq=food,Žuti,%C5%BEuti-buenos-aires,Honduras 5615,['Korean'],4.0
8,https://www.yelp.com/biz/la-pulperia-palermo?osq=food,La Pulperia,la-pulperia-palermo,Uriarte 1667,['Argentine'],5.0
9,https://www.yelp.com/biz/la-alacena-buenos-aires?osq=food,La Alacena,la-alacena-buenos-aires,Gascón 1401,"['Cafeteria', 'Breakfast & Brunch']",4.0
10,https://www.yelp.com/biz/na-num-buenos-aires?osq=food+review,Na Num,na-num-buenos-aires,Honduras 4413,"['Korean', 'Breakfast & Brunch']",4.0
11,https://www.yelp.com/biz/old-beijing-buenos-aires?osq=food+review,Old Beijing,old-beijing-buenos-aires,Esmeralda 877,['Chinese'],4.5
12,https://www.yelp.com/biz/cantina-sunae-buenos-aires?osq=food+review,Cantina Sunae,cantina-sunae-buenos-aires,Humboldt 1626,"['Thai', 'Filipino', 'Vietnamese']",4.5
13,https://www.yelp.com/biz/don-julio-buenos-aires?osq=food+review,Don Julio,don-julio-buenos-aires,Guatemala 4691,['Steakhouses'],4.5
14,https://www.yelp.com/biz/jing-yue-buenos-aires?osq=food+review,Jing Yue,jing-yue-buenos-aires,Reconquista 873,['Chinese'],5.0
15,https://www.yelp.com/biz/sarkis-buenos-aires-2?osq=food+review,Sarkis,sarkis-buenos-aires-2,Thames 1101,"['Arabian', 'Armenian', 'Middle Eastern']",4.5
16,https://www.yelp.com/biz/namu-palermo?osq=food+review,Namu,namu-palermo,José A. Cabrera 5600,"['Korean', 'Coffee & Tea']",4.5
17,https://www.yelp.com/biz/roux-buenos-aires?osq=food+review,Roux,roux-buenos-aires,Peña 2300,"['Signature Cuisine', 'Mediterranean']",4.5
18,https://www.yelp.com/biz/la-locanda-buenos-aires?osq=food+review,La Locanda,la-locanda-buenos-aires,José León Pagano 2697,['Italian'],4.5
19,https://www.yelp.com/biz/la-carnicer%C3%ADa-buenos-aires?osq=food+review,La Carnicería,la-carnicer%C3%ADa-buenos-aires,Thames 2317,"['Steakhouses', 'Bars']",4.5
20,https://www.yelp.com/biz/social-brew-cafe-pyrmont?osq=food+review,Social Brew Cafe,social-brew-cafe-pyrmont,224 Harris St,"['Cafes', 'Breakfast & Brunch', 'Coffee & Tea']",4.5
21,https://www.yelp.com/biz/pendolino-sydney?osq=food+review,Pendolino,pendolino-sydney,412-414 George St,['Italian'],4.5
22,https://www.yelp.com/biz/hunter-and-barrel-sydney?osq=food+review,Hunter & Barrel,hunter-and-barrel-sydney,Tenancy 303,"['Australian', 'Chinese']",4.0
23,https://www.yelp.com/biz/caffe-amici-sydney?osq=food+review,Caffe Amici,caffe-amici-sydney,1/355 Kent St,['Italian'],5.0
24,https://www.yelp.com/biz/tetsuyas-sydney?osq=food+review,Tetsuya’s,tetsuyas-sydney,529 Kent St,"['French', 'Japanese']",4.5
25,https://www.yelp.com/biz/ho-jiak-haymarket-haymarket-2?osq=food+review,Ho Jiak Haymarket,ho-jiak-haymarket-haymarket-2,92 Hay St,"['Malaysian', 'Chinese']",4.5
26,https://www.yelp.com/biz/yayoi-teishoku-japanese-restaurant-sydney?osq=food+review,Yayoi Teishoku Japanese Restaurant,yayoi-teishoku-japanese-restaurant-sydney,,['Japanese'],4.0
27,https://www.yelp.com/biz/mr-wong-sydney?osq=food+review,Mr Wong,mr-wong-sydney,3 Bridge Ln,['Cantonese'],4.0
28,https://www.yelp.com/biz/food-on-five-sydney?osq=food+review,Food on Five,food-on-five-sydney,,['Food Court'],4.5
29,https://www.yelp.com/biz/nel-restaurant-sydney?osq=food+review,Nel. Restaurant,nel-restaurant-sydney,75 Wentworth Ave,"['Restaurants', 'Wine Bars']",4.0
30,https://www.yelp.com/biz/tortiller%C3%ADa-y-antojitos-mexikanos-wien?osq=food+review,Tortillería y Antojitos Mexikanos,tortiller%C3%ADa-y-antojitos-mexikanos-wien,Leopoldgasse 31,['Mexican'],4.0
31,https://www.yelp.com/biz/das-kimchi-wien?osq=food+review,Das Kimchi,das-kimchi-wien,Marxergasse 15,['Korean'],4.5
32,https://www.yelp.com/biz/the-breakfast-club-wien?osq=food+review,The Breakfast Club,the-breakfast-club-wien,Schleifmühlgasse 12 - 14,['Breakfast & Brunch'],4.5
33,https://www.yelp.com/biz/gasthaus-p%C3%B6schl-wien?osq=food+review,Gasthaus Pöschl,gasthaus-p%C3%B6schl-wien,Weihburggasse 17,"['Gastropubs', 'Austrian']",4.5
34,https://www.yelp.com/biz/mama-liu-und-sons-wien?osq=food+review,Mama Liu & Sons,mama-liu-und-sons-wien,Gumpendorfer Str. 29,['Dim Sum'],4.0
35,https://www.yelp.com/biz/bitzinger-wien-6?osq=food+review,Bitzinger,bitzinger-wien-6,Albertinaplatz 1,"['Curry Sausage', 'Food Stands', 'Hot Dogs']",4.0
36,https://www.yelp.com/biz/l-osteria-wien?osq=food+review,L’Osteria,l-osteria-wien,Bräunerstr. 11,"['Pizza', 'Italian']",4.0
37,https://www.yelp.com/biz/yong-streetfood-wien?osq=food+review,Yong Streetfood,yong-streetfood-wien,Rechte Wienzeile 9 a,['Pan Asian'],5.0
38,https://www.yelp.com/biz/ristorante-danieli-wien?osq=food+review,Ristorante Danieli,ristorante-danieli-wien,Himmelpfortgasse 3,['Italian'],4.5
39,https://www.yelp.com/biz/schachtelwirt-wien?osq=food+review,SchachtelWirt,schachtelwirt-wien,Judengasse 5,['Austrian'],5.0
40,https://www.yelp.com/biz/brouwerij-l-huyghe-melle?osq=food+review,Brouwerij L. Huyghe,brouwerij-l-huyghe-melle,Geraardsbergsesteenweg 14B,['Breweries'],5.0
41,https://www.yelp.com/biz/brasserie-bavaria-zaventem?osq=food+review,Brasserie Bavaria,brasserie-bavaria-zaventem,Mechelsesteenweg 460,"['German', 'Steakhouses', 'Brasseries']",4.5
42,https://www.yelp.com/biz/the-noodle-bar-bruxelles?osq=food+review,The Noodle Bar,the-noodle-bar-bruxelles,Rue du Marché aux Fromages 15,"['Pan Asian', 'Noodles']",4.5
43,https://www.yelp.com/biz/buns-burgers-bruxelles?osq=food+review,Bun’s Burgers,buns-burgers-bruxelles,Avenue Fonsny 64,['Burgers'],5.0
44,https://www.yelp.com/biz/brasserie-de-la-ville-bruxelles?osq=food+review,Brasserie de la Ville,brasserie-de-la-ville-bruxelles,Rue des Chapeliers 14,"['Belgian', 'Brasseries']",4.5
45,https://www.yelp.com/biz/l-ana-th%C3%A8me-bruxelles?osq=food+review,L’Ana Thème,l-ana-th%C3%A8me-bruxelles,Rue de la Fourche 14,"['Belgian', 'French']",5.0
46,https://www.yelp.com/biz/maison-d-istrie-ixelles?osq=food+review,Maison d’Istrie,maison-d-istrie-ixelles,Avenue Louise 261,"['Wine Bars', 'Mediterranean', 'Cocktail Bars']",5.0
47,https://www.yelp.com/biz/le-fin-de-si%C3%A8cle-brussel?osq=food+review,Le Fin de Siècle,le-fin-de-si%C3%A8cle-brussel,Rue des Chartreux 9,['Brasseries'],4.0
48,https://www.yelp.com/biz/3-fonteinen-restaurant-caf%C3%A9-beersel-2?osq=food+review,3 Fonteinen Restaurant-Café,3-fonteinen-restaurant-caf%C3%A9-beersel-2,Herman Teirlinckplein 3,"['Belgian', 'Cafes']",4.5
49,https://www.yelp.com/biz/big-mama-bruxelles?osq=food+review,Big Mama,big-mama-bruxelles,Place de la Vieille Halle aux Blés 41,"['French', 'Belgian']",4.5
50,https://www.yelp.com/biz/birria-catrina-toronto?osq=food+review,Birria Catrina,birria-catrina-toronto,214 Augusta Avenue,['Mexican'],4.0
51,https://www.yelp.com/biz/uncle-ray-s-food-and-liquor-toronto?osq=food+review,Uncle Ray’s Food & Liquor,uncle-ray-s-food-and-liquor-toronto,9 Church Street,"['Barbeque', 'Southern', 'Bars']",4.5
52,https://www.yelp.com/biz/egg-club-toronto?osq=food+review,Egg Club,egg-club-toronto,88 Dundas Street E,['Breakfast & Brunch'],4.5
53,https://www.yelp.com/biz/the-oats-kaf%C3%A9-toronto?osq=food+review,The Oats Kafé,the-oats-kaf%C3%A9-toronto,31 Phipps Street,['Cafes'],4.5
54,https://www.yelp.com/biz/8mile-detroit-style-pizza-toronto?osq=food+review,8Mile Detroit Style Pizza,8mile-detroit-style-pizza-toronto,9 Charles Street West,"['Pizza', 'Salad', 'Italian']",4.5
55,https://www.yelp.com/biz/birria-balam-toronto?osq=food+review,Birria Balam,birria-balam-toronto,147 Spadina Avenue,['Mexican'],5.0
56,https://www.yelp.com/biz/best-istanbul-restaurant-toronto-2?osq=food+review,Best Istanbul Restaurant,best-istanbul-restaurant-toronto-2,235 Augusta Avenue,['Turkish'],4.5
57,https://www.yelp.com/biz/playa-cabana-toronto?osq=food+review,Playa Cabana,playa-cabana-toronto,111 Dupont Street,"['Mexican', 'Bars']",4.0
58,https://www.yelp.com/biz/yuugi-izakaya-toronto?osq=food+review,Yuugi Izakaya,yuugi-izakaya-toronto,49 Baldwin Street,"['Japanese', 'Tapas/Small Plates', 'Sushi Bars']",4.5
59,https://www.yelp.com/biz/adamson-barbecue-toronto?osq=food+review,Adamson Barbecue,adamson-barbecue-toronto,176 Wicksteed Avenue,['Barbeque'],4.5
60,https://www.yelp.com/biz/barrica-94-santiago?osq=food+review,Barrica 94,barrica-94-santiago,Bellavista 052,"['Wine Bars', 'Chilean', 'Cocktail Bars']",4.5
61,https://www.yelp.com/biz/galindo-santiago?osq=food+review,Galindo,galindo-santiago,Dardignac 98,"['Chilean', 'Bars']",4.0
62,https://www.yelp.com/biz/restaurante-040-santiago?osq=food+review,Restaurante 040,restaurante-040-santiago,Antonia López de Bello 40,"['Mediterranean', 'Seafood', 'Tapas/Small Plates']",4.0
63,https://www.yelp.com/biz/la-cabrera-santiago?osq=food+review,La Cabrera,la-cabrera-santiago,Alonso de Córdova 4263,['Steakhouses'],4.5
64,https://www.yelp.com/biz/aqu%C3%AD-est%C3%A1-coco-santiago?osq=food+review,Aquí Está Coco,aqu%C3%AD-est%C3%A1-coco-santiago,La Concepción 236,['Seafood'],4.5
65,https://www.yelp.com/biz/the-raj-santiago?osq=food+review,The Raj,the-raj-santiago,Av. Manuel Montt 1855,['Indian'],4.5
66,https://www.yelp.com/biz/karai-las-condes?osq=food+review,Karai,karai-las-condes,,"['Japanese', 'Peruvian']",5.0
67,https://www.yelp.com/biz/quinoa-santiago?osq=food+review,Quinoa,quinoa-santiago,Luis Pasteur 5393,"['Vegetarian', 'Breakfast & Brunch', 'Vegan']",5.0
68,https://www.yelp.com/biz/azul-profundo-santiago-2?osq=food+review,Azul Profundo,azul-profundo-santiago-2,Constitucion 111,"['Seafood', 'Cafes']",4.0
69,https://www.yelp.com/biz/naoki-santiago?osq=food+review,Naoki,naoki-santiago,Vitacura 3875,['Japanese'],4.5
70,https://www.yelp.com/biz/mlejnice-praha?osq=food+review,Mlejnice,mlejnice-praha,Kožná 488/14,"['Czech', 'Barbeque']",4.0
71,https://www.yelp.com/biz/pivovar-u-t%C5%99%C3%AD-r%C5%AF%C5%BE%C3%AD-praha?osq=food+review,Pivovar U Tří růží,pivovar-u-t%C5%99%C3%AD-r%C5%AF%C5%BE%C3%AD-praha,Husova 10,"['Czech', 'Brewpubs']",4.5
72,https://www.yelp.com/biz/agave-restaurant-praha?osq=food+review,Agave Restaurant,agave-restaurant-praha,Masná 620/2,"['Mexican', 'Lounges', 'Vegetarian']",4.5
73,https://www.yelp.com/biz/etnosv%C4%9Bt-praha?osq=food+review,Etnosvět,etnosv%C4%9Bt-praha,Legerova 40,['Vegetarian'],4.5
74,https://www.yelp.com/biz/las-adelitas-praha?osq=food+review,Las Adelitas,las-adelitas-praha,Americká 684/8,['Mexican'],4.5
75,https://www.yelp.com/biz/trattoria-cicala-praha-1?osq=food+review,Trattoria Cicala,trattoria-cicala-praha-1,Žitná 43,['Italian'],4.5
76,https://www.yelp.com/biz/bistro-monk-star%C3%A9-m%C4%9Bsto?osq=food+review,Bistro Monk,bistro-monk-star%C3%A9-m%C4%9Bsto,Michalská 18,"['Coffee & Tea', 'Breakfast & Brunch', 'Bistros']",4.5
77,https://www.yelp.com/biz/na%C5%A1e-maso-praha?osq=food+review,Naše maso,na%C5%A1e-maso-praha,,"['Butcher', 'Bistros', 'Meat Shops']",4.5
78,https://www.yelp.com/biz/madame-lyn-praha-2?osq=food+review,Madame Lyn,madame-lyn-praha-2,Šafaříkova 18,['Vietnamese'],4.5
79,https://www.yelp.com/biz/lehk%C3%A1-hlava-praha?osq=food+review,Lehká hlava,lehk%C3%A1-hlava-praha,Boršov 280/2,['Vegetarian'],4.5
80,https://www.yelp.com/biz/willys-hiller%C3%B8d?osq=food+review,Willy’s,willys-hiller%C3%B8d,Frederiksgade 6,['French'],4.0
81,https://www.yelp.com/biz/thai-4-you-hiller%C3%B8d?osq=food+review,Thai 4 You,thai-4-you-hiller%C3%B8d,Østergade 22,"['Thai', 'Wok']",4.0
82,https://www.yelp.com/biz/phuket-thai-take-away-oulu?osq=food+review,Phuket Thai Take Away,phuket-thai-take-away-oulu,Kauppurienkatu 4,['Thai'],4.0
83,https://www.yelp.com/biz/ravintola-puistola-oulu?osq=food+review,Ravintola Puistola,ravintola-puistola-oulu,Pakkahuoneenkatu 15,['Modern European'],4.0
84,https://www.yelp.com/biz/le-comptoir-de-la-gastronomie-paris?osq=food+review,Le Comptoir de la Gastronomie,le-comptoir-de-la-gastronomie-paris,34 rue Montmartre,['French'],4.5
85,https://www.yelp.com/biz/enza-et-famiglia-trattoria-pasta-paris?osq=food+review,Enza & Famiglia Trattoria Pasta,enza-et-famiglia-trattoria-pasta-paris,89 rue Saint-Honoré,['Italian'],4.5
86,https://www.yelp.com/biz/caf%C3%A9-blanc-paris-7?osq=food+review,Café Blanc,caf%C3%A9-blanc-paris-7,10 rue Croix des Petits Champs,"['French', 'Coffee & Tea', 'Breakfast & Brunch']",4.5
87,https://www.yelp.com/biz/ellsworth-paris?osq=food+review,Ellsworth,ellsworth-paris,34 rue de Richelieu,"['Wine Bars', 'French']",4.5
88,https://www.yelp.com/biz/l-arp%C3%A8ge-paris-2?osq=food+review,L’Arpège,l-arp%C3%A8ge-paris-2,84 rue de Varenne,['French'],4.0
89,https://www.yelp.com/biz/guy-savoy-paris-3?osq=food+review,Guy Savoy,guy-savoy-paris-3,11 quai de Conti,['French'],4.5
90,https://www.yelp.com/biz/khajuraho-paris?osq=food+review,Khajuraho,khajuraho-paris,14 bd de la Tour Maubourg,['Indian'],5.0
91,https://www.yelp.com/biz/bistro-des-augustins-paris?osq=food+review,Bistro des Augustins,bistro-des-augustins-paris,39 quai des Grands Augustins,"['Bistros', 'Wine Bars']",4.5
92,https://www.yelp.com/biz/eggs-et-co-paris?osq=food+review,Eggs & Co,eggs-et-co-paris,11 rue Bernard Palissy,['Breakfast & Brunch'],4.5
93,https://www.yelp.com/biz/la-maison-du-dim-sum-paris?osq=food+review,La Maison du Dim Sum,la-maison-du-dim-sum-paris,4 rue des Fossés Saint Jacques,"['Buffets', 'Dim Sum']",4.0
94,https://www.yelp.com/biz/da-jia-le-berlin-3?osq=food+review,Da Jia Le,da-jia-le-berlin-3,Goebenstr. 23,['Chinese'],4.5
95,https://www.yelp.com/biz/stadtklause-berlin?osq=food+review,Stadtklause,stadtklause-berlin,Bernburger Str. 35,['German'],4.5
96,https://www.yelp.com/biz/yarok-berlin?osq=food+review,Yarok,yarok-berlin,Torstr. 195,['Syrian'],4.5
97,https://www.yelp.com/biz/maria-bonita-berlin-3?osq=food+review,Maria Bonita,maria-bonita-berlin-3,Danziger Str. 33,['Mexican'],4.0
98,https://www.yelp.com/biz/thai-window-asia-berlin?osq=food+review,Thai Window Asia,thai-window-asia-berlin,Torstr. 22,['Thai'],4.5
99,https://www.yelp.com/biz/steel-vintage-bikes-caf%C3%A9-berlin-3?osq=food+review,Steel Vintage Bikes Café,steel-vintage-bikes-caf%C3%A9-berlin-3,Wilhelmstr. 91,"['Cafes', 'Bikes', 'Breakfast & Brunch']",4.5
100,https://www.yelp.com/biz/caf%C3%A9-bondi-berlin-2?osq=food+review,Café Bondi,caf%C3%A9-bondi-berlin-2,Eichendorffstr. 6,"['Breakfast & Brunch', 'Cafes']",4.5
101,https://www.yelp.com/biz/muse-berlin-2?osq=food+review,Muse,muse-berlin-2,Immanuelkirchstr. 31,"['International', 'Sandwiches', 'Burgers']",4.5
102,https://www.yelp.com/biz/royals-und-rice-berlin-2?osq=food+review,Royals & Rice,royals-und-rice-berlin-2,Torstr. 164,['Pan Asian'],4.0
103,https://www.yelp.com/biz/factory-girl-berlin-2?osq=food+review,FACTORY GIRL,factory-girl-berlin-2,Auguststr. 29 C,"['Breakfast & Brunch', 'Cafes', 'Desserts']",4.0
104,https://www.yelp.com/biz/the-base-%E9%A6%99%E6%B8%AF?osq=food+review,The Base,the-base-%E9%A6%99%E6%B8%AF,"Room 509, 5/F, Fengli Center, 52-54 Hoi Yuen Road,, 開源道52-54號豐利中心5樓509室",['Cafes'],5.0
105,https://www.yelp.com/biz/%E5%8F%A3%E5%88%A9%E7%A6%8F-%E9%A6%99%E6%B8%AF?osq=food+review,Ho Lee Fook,%E5%8F%A3%E5%88%A9%E7%A6%8F-%E9%A6%99%E6%B8%AF,"G/F, 1-5 Elgin Street, 伊利近街1-5號地下","['Asian Fusion', 'Cantonese']",4.5
106,https://www.yelp.com/biz/27-kebab-house-turkish-restaurant-%E9%A6%99%E6%B8%AF-3?osq=food+review,27 Kebab House Turkish Restaurant,27-kebab-house-turkish-restaurant-%E9%A6%99%E6%B8%AF-3,"Shop D - E, 27 Hollywood Road, 荷李活道27號地下D-E號鋪","['Turkish', 'Imported Food']",4.5
107,https://www.yelp.com/biz/%E7%88%86%E4%B8%BC%E5%B1%8B-%E9%A6%99%E6%B8%AF?osq=food+review,Big Bang Don,%E7%88%86%E4%B8%BC%E5%B1%8B-%E9%A6%99%E6%B8%AF,"Shop 8, G/F, 50 Soy Street, 豉油街50號地下8號舖","['Japanese', 'Seafood', 'Sushi Bars']",4.0
108,https://www.yelp.com/biz/%E8%84%86%E5%91%B3%E6%89%B9-%E9%A6%99%E6%B8%AF-2?osq=food+review,Chubby’s Pizza,%E8%84%86%E5%91%B3%E6%89%B9-%E9%A6%99%E6%B8%AF-2,"Shop 6, G/F, Kwai Dao Building ,143 Tai Loong Street, 大隴街143號葵都大廈地下6號舖",['Pizza'],4.0
109,https://www.yelp.com/biz/passion-by-gerard-dubois-%E9%A6%99%E6%B8%AF-6?osq=food+review,Passion by Gerard Dubois,passion-by-gerard-dubois-%E9%A6%99%E6%B8%AF-6,,"['French', 'Salad', 'Desserts']",4.5
110,https://www.yelp.com/biz/applegreen-%E9%A6%99%E6%B8%AF-5?osq=food+review,Applegreen,applegreen-%E9%A6%99%E6%B8%AF-5,"Shop 2A,2/F, Pacific Mansion, 172-174 Nathan Road, 彌敦道172-174號太平洋大廈2樓2A舖","['American (Traditional)', 'Salad']",4.0
111,https://www.yelp.com/biz/%E8%8C%B6%E5%9C%92-%E9%A6%99%E6%B8%AF-2?osq=food+review,Tiffin,%E8%8C%B6%E5%9C%92-%E9%A6%99%E6%B8%AF-2,"M/F, Grand Hyatt Hong Kong, 1 Harbour Road, 港灣道1號香港君悅酒店M樓","['Buffets', 'International', 'Seafood']",4.5
112,https://www.yelp.com/biz/the-mixing-bowl-%E9%A6%99%E6%B8%AF?osq=food+review,The Mixing Bowl,the-mixing-bowl-%E9%A6%99%E6%B8%AF,,['Cooking Schools'],4.5
113,https://www.yelp.com/biz/%E8%B6%8A%E8%8F%AF%E6%9C%83%E6%B5%B7%E9%AE%AE%E5%B0%8F%E9%A4%A8-%E9%A6%99%E6%B8%AF?osq=food+review,Yuet Wah Wui Seafood Restaurant,%E8%B6%8A%E8%8F%AF%E6%9C%83%E6%B5%B7%E9%AE%AE%E5%B0%8F%E9%A4%A8-%E9%A6%99%E6%B8%AF,"Shop B, G/F, Wah Fat Mansion, 405-419 Lockhart Road, 駱克道405-419號華發大廈地下B舖","['Cantonese', 'Seafood']",4.5
114,https://www.yelp.com/biz/ambrosia-rooftop-restaurant-e-bar-roma-3?osq=food+review,Ambrosia Rooftop Restaurant & Bar,ambrosia-rooftop-restaurant-e-bar-roma-3,Via Nazionale 22,"['Italian', 'Wine Bars', 'Cocktail Bars']",5.0
115,https://www.yelp.com/biz/sichuan-roma?osq=food+review,SiChuan,sichuan-roma,Via di San Martino Ai Monti 33C,['Chinese'],4.5
116,https://www.yelp.com/biz/old-chengdu-roma?osq=food+review,Old Chengdu,old-chengdu-roma,Via Milazzo 1B,"['Chinese', 'Japanese']",4.5
117,https://www.yelp.com/biz/masto-roma?osq=food+review,Masto,masto-roma,Via Galvani 39,['Italian'],5.0
118,https://www.yelp.com/biz/ci-lin-roma-2?osq=food+review,Ci Lin,ci-lin-roma-2,Via della Fonte dell'Olio 6,"['Chinese', 'Japanese', 'Buffets']",4.5
119,https://www.yelp.com/biz/li-rioni-roma?osq=food+review,Li Rioni,li-rioni-roma,Via dei Santi Quattro 24,"['Pizza', 'Italian']",4.5
120,https://www.yelp.com/biz/da-cesare-roma?osq=food+review,Da Cesare,da-cesare-roma,Via del Casaletto 45,"['Roman', 'Trattorie', 'Pizza']",4.5
121,https://www.yelp.com/biz/makai-roma?osq=food+review,Makai,makai-roma,Via dei Magazzini Generali 4A,"['Japanese', 'Mexican', 'Hawaiian']",5.0
122,https://www.yelp.com/biz/la-sbirra-carpineto-romano?osq=food+review,La Sbirra,la-sbirra-carpineto-romano,Via Verdesca 24,['Italian'],5.0
123,https://www.yelp.com/biz/poldo-e-gianna-osteria-roma?osq=food+review,Poldo e Gianna Osteria,poldo-e-gianna-osteria-roma,Vicolo Rosini 6,"['Italian', 'Seafood']",4.5
124,https://www.yelp.com/biz/%E5%AE%87%E5%A5%88%E3%81%A8%E3%81%A8-%E6%B5%85%E8%8D%89%E5%BA%97-%E5%8F%B0%E6%9D%B1%E5%8C%BA?osq=food+review,Unatoto Asakusa,%E5%AE%87%E5%A5%88%E3%81%A8%E3%81%A8-%E6%B5%85%E8%8D%89%E5%BA%97-%E5%8F%B0%E6%9D%B1%E5%8C%BA,花川戸1-5-2,"['Unagi', 'Salad', 'Udon']",4.5
125,https://www.yelp.com/biz/%E7%89%9B%E3%81%8B%E3%81%A4-%E3%82%82%E3%81%A8%E6%9D%91-%E6%9D%B1%E4%BA%AC%E9%A7%85%E5%85%AB%E9%87%8D%E6%B4%B2%E5%8F%A3%E5%BA%97-%E4%B8%AD%E5%A4%AE%E5%8C%BA-2?osq=food+review,Gyukatsu MOTOMURA Tokyo Eki Yaesuguchi,%E7%89%9B%E3%81%8B%E3%81%A4-%E3%82%82%E3%81%A8%E6%9D%91-%E6%9D%B1%E4%BA%AC%E9%A7%85%E5%85%AB%E9%87%8D%E6%B4%B2%E5%8F%A3%E5%BA%97-%E4%B8%AD%E5%A4%AE%E5%8C%BA-2,八重洲1-6-14,['Japanese'],5.0
126,https://www.yelp.com/biz/%E3%83%AD%E3%83%BC%E3%82%B9%E3%83%88%E3%83%93%E3%83%BC%E3%83%95%E5%A4%A7%E9%87%8E-%E7%A7%8B%E8%91%89%E5%8E%9F%E5%BA%97-%E5%8D%83%E4%BB%A3%E7%94%B0%E5%8C%BA?osq=food+review,Roast Beef Ohno Akihabara,%E3%83%AD%E3%83%BC%E3%82%B9%E3%83%88%E3%83%93%E3%83%BC%E3%83%95%E5%A4%A7%E9%87%8E-%E7%A7%8B%E8%91%89%E5%8E%9F%E5%BA%97-%E5%8D%83%E4%BB%A3%E7%94%B0%E5%8C%BA,外神田1-2-3,"['Western Style Japanese Food', 'Steakhouses', 'Canteen']",4.5
127,https://www.yelp.com/biz/%E3%81%8A%E3%81%AB%E3%81%8F-%E8%8A%B1%E6%9F%B3-%E4%B8%AD%E5%A4%AE%E5%8C%BA?osq=food+review,Oniku Karyū,%E3%81%8A%E3%81%AB%E3%81%8F-%E8%8A%B1%E6%9F%B3-%E4%B8%AD%E5%A4%AE%E5%8C%BA,日本橋小舟町11-11,"['Steakhouses', 'Yakiniku']",5.0
128,https://www.yelp.com/biz/%E3%82%A2%E3%82%A4%E3%83%92%E3%82%A7%E3%83%B3%E3%83%97%E3%83%A9%E3%83%83%E3%83%84-%E6%B8%AF%E5%8C%BA?osq=food+review,Zum Eichen Platz,%E3%82%A2%E3%82%A4%E3%83%92%E3%82%A7%E3%83%B3%E3%83%97%E3%83%A9%E3%83%83%E3%83%84-%E6%B8%AF%E5%8C%BA,赤坂5-5-11,"['German', 'Beer Bar']",5.0
129,https://www.yelp.com/biz/%E9%87%91%E5%AD%90%E5%8D%8A%E4%B9%8B%E5%8A%A9-%E4%B8%AD%E5%A4%AE%E5%8C%BA?osq=food+review,Kaneko Hannosuke,%E9%87%91%E5%AD%90%E5%8D%8A%E4%B9%8B%E5%8A%A9-%E4%B8%AD%E5%A4%AE%E5%8C%BA,日本橋室町1-11-15,"['Tempura', 'Donburi']",4.5
130,https://www.yelp.com/biz/%E6%9D%BE%E5%B7%9D-%E6%B8%AF%E5%8C%BA?osq=food+review,Matsukawa,%E6%9D%BE%E5%B7%9D-%E6%B8%AF%E5%8C%BA,赤坂1-11-6,['Kaiseki'],5.0
131,https://www.yelp.com/biz/%E5%8E%9F%E5%AE%BF-%E3%81%95%E3%81%8F%E3%82%89%E4%BA%AD-%E6%B8%8B%E8%B0%B7%E5%8C%BA?osq=food+review,Harajuku Sakuratei,%E5%8E%9F%E5%AE%BF-%E3%81%95%E3%81%8F%E3%82%89%E4%BA%AD-%E6%B8%8B%E8%B0%B7%E5%8C%BA,神宮前3-20-1,"['Teppanyaki', 'Izakaya', 'Okonomiyaki']",4.5
132,https://www.yelp.com/biz/%E3%82%B7%E3%83%BC%E3%82%A2%E3%83%B3%E9%8A%80%E5%BA%A7%E5%BA%97-%E4%B8%AD%E5%A4%AE%E5%8C%BA?osq=food+review,Xian Ginza,%E3%82%B7%E3%83%BC%E3%82%A2%E3%83%B3%E9%8A%80%E5%BA%A7%E5%BA%97-%E4%B8%AD%E5%A4%AE%E5%8C%BA,銀座2丁目2-2,['Chinese'],5.0
133,https://www.yelp.com/biz/%E3%83%94%E3%83%83%E3%83%84%E3%82%A1%E3%83%90%E3%83%BC-%E3%82%AA%E3%83%B3-38th-%E4%B8%AD%E5%A4%AE%E5%8C%BA?osq=food+review,The Pizza Bar on 38th,%E3%83%94%E3%83%83%E3%83%84%E3%82%A1%E3%83%90%E3%83%BC-%E3%82%AA%E3%83%B3-38th-%E4%B8%AD%E5%A4%AE%E5%8C%BA,,['Pizza'],5.0
134,https://www.yelp.com/biz/opium-kuala-lumpur?osq=food+review,Opium,opium-kuala-lumpur,"50, Changkat Bukit Bintang",['Asian Fusion'],4.5
135,https://www.yelp.com/biz/sek-yuen-restaurant-kuala-lumpur?osq=food+review,Sek Yuen Restaurant,sek-yuen-restaurant-kuala-lumpur,"315, Jalan Pudu","['Chinese', 'Seafood']",4.5
136,https://www.yelp.com/biz/sin-and-sensibility-kuala-lumpur?osq=food+review,Sin and Sensibility,sin-and-sensibility-kuala-lumpur,"Riverwalk Village,",[],4.0
137,https://www.yelp.com/biz/songket-restaurant-kuala-lumpur?osq=food+review,Songket Restaurant,songket-restaurant-kuala-lumpur,"31G, Jalan 22A/70A, Desa Sri Hartamas","['Malaysian', 'Halal', 'Venues & Event Spaces']",5.0
138,https://www.yelp.com/biz/fresca-mexican-kitchen-and-bar-kuala-lumpur-2?osq=food+review,Fresca Mexican Kitchen & Bar,fresca-mexican-kitchen-and-bar-kuala-lumpur-2,Lingkaran Syed Putra,"['Mexican', 'Bars']",4.0
139,https://www.yelp.com/biz/cantaloupe-kuala-lumpur?osq=food+review,Cantaloupe,cantaloupe-kuala-lumpur,,"['Diners', 'Wine Bars']",5.0
140,https://www.yelp.com/biz/jalan-alor-kuala-lumpur?osq=food+review,Jalan Alor,jalan-alor-kuala-lumpur,Jalan Alor Bukit Bintang,['Street Vendors'],4.5
141,https://www.yelp.com/biz/palsaik-korean-bbq-scott-garden-kuala-lumpur?osq=food+review,Palsaik Korean BBQ@Scott Garden,palsaik-korean-bbq-scott-garden-kuala-lumpur,"2-15, The Scott Garden, 289, Jalan Kelang Lama, Batu 4",['Korean'],4.0
142,https://www.yelp.com/biz/restaurant-siu-siu-kuala-lumpur?osq=food+review,Restaurant Siu Siu,restaurant-siu-siu-kuala-lumpur,Jalan Sungai Besi,['Chinese'],5.0
143,https://www.yelp.com/biz/b-i-g-bens-independent-grocer-kuala-lumpur-3?osq=food+review,B.I.G. Ben’s Independent Grocer,b-i-g-bens-independent-grocer-kuala-lumpur-3,,['Grocery'],4.5
144,https://www.yelp.com/biz/depot-auckland?osq=food+review,Depot,depot-auckland,86 Federal St,"['Tapas/Small Plates', 'Seafood']",4.5
145,https://www.yelp.com/biz/federal-delicatessen-auckland?osq=food+review,Federal Delicatessen,federal-delicatessen-auckland,86 Federal St,"['American (Traditional)', 'Diners', 'Delicatessen']",4.5
146,https://www.yelp.com/biz/federal-and-wolfe-auckland-2?osq=food+review,Federal & Wolfe,federal-and-wolfe-auckland-2,10 Federal St,"['Cafes', 'Breakfast & Brunch']",4.5
147,https://www.yelp.com/biz/dr-rudis-rooftop-brewing-co-auckland?osq=food+review,Dr Rudi’s Rooftop Brewing Co.,dr-rudis-rooftop-brewing-co-auckland,204 Quay St,"['Bars', 'American (Traditional)', 'Venues & Event Spaces']",4.0
148,https://www.yelp.com/biz/eight-at-cordis-auckland?osq=food+review,Eight at Cordis,eight-at-cordis-auckland,83 Symonds St,"['Breakfast & Brunch', 'Modern European', 'Buffets']",4.0
149,https://www.yelp.com/biz/elliott-stables-auckland-2?osq=food+review,Elliott Stables,elliott-stables-auckland-2,39 Elliott St,['Food Court'],4.5
150,https://www.yelp.com/biz/dos-amigos-auckland?osq=food+review,Dos Amigos,dos-amigos-auckland,93 Tamaki Dr,['Mexican'],4.0
151,https://www.yelp.com/biz/ivillage-at-victoria-auckland?osq=food+review,IVillage at Victoria,ivillage-at-victoria-auckland,210-218 Victoria St West,['Indian'],4.5
152,https://www.yelp.com/biz/bannsang-auckland-2?osq=food+review,BannSang,bannsang-auckland-2,1C/47 High St,"['Korean', 'Asian Fusion']",4.5
153,https://www.yelp.com/biz/the-grove-auckland-2?osq=food+review,The Grove,the-grove-auckland-2,Wyndham St,"['Modern European', 'French']",4.5
154,https://www.yelp.com/biz/ilustrado-restaurant-manila?osq=food+review,Ilustrado Restaurant,ilustrado-restaurant-manila,744 Calle Real Del Palacio,"['Spanish', 'Filipino']",4.5
155,https://www.yelp.com/biz/spiral-pasay-2?osq=food+review,Spiral,spiral-pasay-2,Roxas Boulevard,"['Asian Fusion', 'Buffets']",4.0
156,https://www.yelp.com/biz/mcdonalds-manila-20?osq=food+review,McDonald’s,mcdonalds-manila-20,"Taft Avenue, Malate",['Fast Food'],5.0
157,https://www.yelp.com/biz/shawarma-snack-center-manila?osq=food+review,Shawarma Snack Center,shawarma-snack-center-manila,485 R Salas Street,"['Arabian', 'Lebanese']",4.0
158,https://www.yelp.com/biz/my-kitchen-by-chef-chris-manila?osq=food+review,My Kitchen by Chef Chris,my-kitchen-by-chef-chris-manila,1032-34 Belen Street,['Italian'],4.5
159,https://www.yelp.com/biz/manam-comfort-filipino-makati?osq=food+review,Manam Comfort Filipino,manam-comfort-filipino-makati,Esperanza St Cor Makati Ave,['Filipino'],4.5
160,https://www.yelp.com/biz/the-aristocrat-manila?osq=food+review,The Aristocrat,the-aristocrat-manila,432 San Andres Street,"['Bakeries', 'Filipino', 'Barbeque']",3.5
161,https://www.yelp.com/biz/goto-monster-makati-city?osq=food+review,Goto Monster,goto-monster-makati-city,245 Primo Rivera Street,"['Filipino', 'Breakfast & Brunch']",5.0
162,https://www.yelp.com/biz/lan-zhou-la-mien-manila-2?osq=food+review,Lan Zhou La Mien,lan-zhou-la-mien-manila-2,818 Benavidez Street,['Chinese'],4.5
163,https://www.yelp.com/biz/el-chupacabra-makati?osq=food+review,El Chupacabra,el-chupacabra-makati,5782 Felipe Street,"['Mexican', 'Dive Bars']",4.0
164,https://www.yelp.com/biz/hot-spoon-%C5%82%C3%B3d%C5%BA?osq=food+review,Hot Spoon,hot-spoon-%C5%82%C3%B3d%C5%BA,ul. Drewnowska 58,"['Polish', 'Thai']",4.5
165,https://www.yelp.com/biz/dybalski-%C5%82%C3%B3d%C5%BA?osq=food+review,Dybalski,dybalski-%C5%82%C3%B3d%C5%BA,ul. Piotrkowska 102A,"['Cafes', 'Coffee & Tea']",5.0
166,https://www.yelp.com/biz/the-mexican-%C5%82%C3%B3d%C5%BA?osq=food+review,The Mexican,the-mexican-%C5%82%C3%B3d%C5%BA,ul. Piotrkowska 67,['Mexican'],3.0
167,https://www.yelp.com/biz/cervejaria-ramiro-lisboa?osq=food+review,Cervejaria Ramiro,cervejaria-ramiro-lisboa,"Av. Almirante Reis, 1 H","['Seafood', 'Beer Bar']",4.5
168,https://www.yelp.com/biz/sr-lisboa-lisboa?osq=food+review,Sr. Lisboa,sr-lisboa-lisboa,"R. São José, 136","['Tapas/Small Plates', 'Portuguese']",5.0
169,https://www.yelp.com/biz/frangasqueira-nacional-lisboa-2?osq=food+review,Frangasqueira Nacional,frangasqueira-nacional-lisboa-2,"R. Imprensa Nacional, 116C",['Barbeque'],4.5
170,https://www.yelp.com/biz/pistola-y-corazon-lisboa?osq=food+review,Pistola y Corazon,pistola-y-corazon-lisboa,"R. de Boavista, 16","['Mexican', 'Vegetarian']",4.5
171,https://www.yelp.com/biz/ground-burguer-lisboa?osq=food+review,Ground Burguer,ground-burguer-lisboa,"Av. António Augusto Aguiar, 148","['American (Traditional)', 'Burgers']",4.0
172,https://www.yelp.com/biz/sala-de-corte-lisboa-2?osq=food+review,Sala de Corte,sala-de-corte-lisboa-2,"Praça Dom Luís I, 7",['Steakhouses'],4.5
173,https://www.yelp.com/biz/brooklyn-lisboa?osq=food+review,Brooklyn,brooklyn-lisboa,"Praça da Alegria, 35-37","['Portuguese', 'American (Traditional)', 'African']",4.5
174,https://www.yelp.com/biz/a-cultura-do-hamb%C3%BArguer-lisboa?osq=food+review,A Cultura do Hambúrguer,a-cultura-do-hamb%C3%BArguer-lisboa,"R. das Salgadeiras, 38",['Burgers'],4.5
175,https://www.yelp.com/biz/sangiovese-lisboa?osq=food+review,Sangiovese,sangiovese-lisboa,"R. Dr. António Cândido, 14","['Mediterranean', 'Italian']",5.0
176,https://www.yelp.com/biz/restaurante-%C3%A0-parte-lisboa?osq=food+review,Restaurante À Parte,restaurante-%C3%A0-parte-lisboa,"Av. Praia da Vitória, 35","['Barbeque', 'Seafood']",5.0
177,https://www.yelp.com/biz/burnt-ends-singapore?osq=food+review,Burnt Ends,burnt-ends-singapore,20 Teck Lim Rd,"['Australian', 'Steakhouses', 'Barbeque']",4.5
178,https://www.yelp.com/biz/tian-tian-hainanese-chicken-rice-singapore-7?osq=food+review,Tian Tian Hainanese Chicken Rice,tian-tian-hainanese-chicken-rice-singapore-7,,"['Hainan', 'Chicken Shop']",4.0
179,https://www.yelp.com/biz/jumbo-seafood-singapore-4?osq=food+review,Jumbo Seafood,jumbo-seafood-singapore-4,,['Seafood'],4.0
180,https://www.yelp.com/biz/coriander-leaf-singapore-2?osq=food+review,Coriander Leaf,coriander-leaf-singapore-2,,['Asian Fusion'],4.5
181,https://www.yelp.com/biz/vatos-urban-tacos-singapore?osq=food+review,Vatos Urban Tacos,vatos-urban-tacos-singapore,36 Beach Rd,['Mexican'],4.0
182,https://www.yelp.com/biz/sungei-road-laksa-singapore-2?osq=food+review,Sungei Road Laksa,sungei-road-laksa-singapore-2,,"['Singaporean', 'Chinese', 'Noodles']",4.5
183,https://www.yelp.com/biz/high-commission-of-malaysia-singapore?osq=food+review,High Commission of Malaysia,high-commission-of-malaysia-singapore,301 Jervois Rd,[],5.0
184,https://www.yelp.com/biz/liao-fan-hawker-chan-singapore-3?osq=food+review,Liao Fan Hawker Chan,liao-fan-hawker-chan-singapore-3,78 Smith St,"['Noodles', 'Chicken Shop']",4.0
185,https://www.yelp.com/biz/hakumai-singapore?osq=food+review,Hakumai,hakumai-singapore,10 Anson Road,['Sushi Bars'],4.5
186,https://www.yelp.com/biz/kaiserhaus-singapore?osq=food+review,Kaiserhaus,kaiserhaus-singapore,17 Stamford Road,"['Austrian', 'Bars']",4.0
187,https://www.yelp.com/biz/la-mordida-madrid-10?osq=food+review,La Mordida,la-mordida-madrid-10,"Calle de Belén, 13",['Mexican'],4.5
188,https://www.yelp.com/biz/el-sur-madrid?osq=food+review,El Sur,el-sur-madrid,"Calle de la Torrecilla del Leal, 12",['Tapas Bars'],4.5
189,https://www.yelp.com/biz/bot%C3%ADn-madrid-3?osq=food+review,Botín,bot%C3%ADn-madrid-3,"Calle de Cuchilleros, 17","['Spanish', 'Steakhouses']",4.0
190,https://www.yelp.com/biz/street-xo-madrid-2?osq=food+review,Street Xo,street-xo-madrid-2,"Calle de Serrano, 52","['Gastropubs', 'Asian Fusion', 'Spanish']",4.5
191,https://www.yelp.com/biz/zenith-madrid-3?osq=food+review,Zenith,zenith-madrid-3,"Calle de Valverde, 28","['Breakfast & Brunch', 'Cocktail Bars']",5.0
192,https://www.yelp.com/biz/takos-al-pastor-madrid?osq=food+review,Takos al Pastor,takos-al-pastor-madrid,"Calle de la Abada, 2",['Mexican'],4.5
193,https://www.yelp.com/biz/ni-hao-madrid?osq=food+review,Ni Hao,ni-hao-madrid,"Calle de Silva, 20",['Chinese'],4.0
194,https://www.yelp.com/biz/patong-thai-madrid?osq=food+review,Patong Thai,patong-thai-madrid,"Calle de la Cruz, 7",['Thai'],4.0
195,https://www.yelp.com/biz/la-gringa-madrid?osq=food+review,La Gringa,la-gringa-madrid,"Calle San Vicente Ferrer, 57",['American (Traditional)'],4.5
196,https://www.yelp.com/biz/momo-bao-madrid?osq=food+review,Momo Bao,momo-bao-madrid,"Calle Tudescos, 4",['Japanese'],4.5
197,https://www.yelp.com/biz/bakfickan-stockholm-2?osq=food+review,Bakfickan,bakfickan-stockholm-2,Jakobs torg 12,"['Scandinavian', 'Modern European']",4.5
198,https://www.yelp.com/biz/str%C3%B6mmingsvagnen-stockholm?osq=food+review,Strömmingsvagnen,str%C3%B6mmingsvagnen-stockholm,Södermalms torg,"['Seafood', 'Scandinavian', 'Food Stands']",4.5
199,https://www.yelp.com/biz/the-hairy-pig-deli-stockholm?osq=food+review,The Hairy Pig Deli,the-hairy-pig-deli-stockholm,Osterlanggatan 9,"['Specialty Food', 'Tapas/Small Plates', 'Landmarks & Historical Buildings']",4.5
200,https://www.yelp.com/biz/la-neta-stockholm?osq=food+review,La Neta,la-neta-stockholm,Barnhusgatan 2,['Mexican'],4.0
201,https://www.yelp.com/biz/da-peppe-ristorante-stockholm?osq=food+review,Da Peppe Ristorante,da-peppe-ristorante-stockholm,Storkyrkobrinken 16,"['Italian', 'Gluten-Free']",4.5
202,https://www.yelp.com/biz/geronimos-fgt-stockholm?osq=food+review,Geronimo’s FGT,geronimos-fgt-stockholm,Stora Nygatan 5,"['Mexican', 'Pubs']",4.0
203,https://www.yelp.com/biz/bistro-bestick-stockholm?osq=food+review,Bistro Bestick,bistro-bestick-stockholm,Bryggargatan 8,['Scandinavian'],5.0
204,https://www.yelp.com/biz/austin-food-works-stockholm?osq=food+review,Austin Food Works,austin-food-works-stockholm,Norrtullsgatan 24,"['Southern', 'American (Traditional)', 'Mexican']",4.0
205,https://www.yelp.com/biz/brisket-och-friends-stockholm-2?osq=food+review,Brisket & Friends,brisket-och-friends-stockholm-2,Upplandsgatan 7,['Barbeque'],4.0
206,https://www.yelp.com/biz/flames-stockholm?osq=food+review,Flames,flames-stockholm,Sveavägen 34,"['Salad', 'Pizza', 'Italian']",4.5
207,https://www.yelp.com/biz/khujug-z%C3%BCrich?osq=food+review,Khujug,khujug-z%C3%BCrich,Schöneggstrasse 5,['Chinese'],4.5
208,https://www.yelp.com/biz/achi-z%C3%BCrich-2?osq=food+review,Ach’i,achi-z%C3%BCrich-2,Brauerstrasse 4,['Chinese'],4.0
209,https://www.yelp.com/biz/el-luchador-z%C3%BCrich?osq=food+review,El Luchador,el-luchador-z%C3%BCrich,Konradstrasse 69,['Mexican'],4.0
210,https://www.yelp.com/biz/la-brea-z%C3%BCrich?osq=food+review,LA Brea,la-brea-z%C3%BCrich,Josefstrasse 59,['Mexican'],3.5
211,https://www.yelp.com/biz/hiltl-z%C3%BCrich?osq=food+review,Hiltl,hiltl-z%C3%BCrich,Sihlstrasse 28,"['Vegetarian', 'Breakfast & Brunch', 'Buffets']",4.5
212,https://www.yelp.com/biz/the-bite-z%C3%BCrich?osq=food+review,The Bite,the-bite-z%C3%BCrich,Brauerstrasse 15,"['American (Traditional)', 'Burgers']",4.5
213,https://www.yelp.com/biz/ooo-rooftop-z%C3%BCrich?osq=food+review,OOO Rooftop,ooo-rooftop-z%C3%BCrich,Bahnhofstrasse 74,['Asian Fusion'],4.0
214,https://www.yelp.com/biz/frau-gerolds-garten-z%C3%BCrich?osq=food+review,Frau Gerolds Garten,frau-gerolds-garten-z%C3%BCrich,Geroldstrasse 23,"['Barbeque', 'Swiss Food', 'Beer Garden']",4.5
215,https://www.yelp.com/biz/%C3%A4ss-bar-z%C3%BCrich?osq=food+review,Äss Bar,%C3%A4ss-bar-z%C3%BCrich,Stüssihofstatt 6,"['Bakeries', 'Sandwiches']",4.5
216,https://www.yelp.com/biz/migros-z%C3%BCrich-13?osq=food+review,Migros,migros-z%C3%BCrich-13,Limmatstrasse 152,['Grocery'],4.5
217,https://www.yelp.com/biz/el-sabroso-mexican-food-%E4%B8%AD%E6%AD%A3%E5%8D%80?osq=food+review,El Sabroso Mexican Food,el-sabroso-mexican-food-%E4%B8%AD%E6%AD%A3%E5%8D%80,"No. 107-1, Section 3, Tingzhou Road, 汀州路3段107號之一",['Mexican'],4.5
218,https://www.yelp.com/biz/gonna%E5%85%B1%E6%A8%82%E9%81%8A-%E5%A4%A7%E5%AE%89%E5%8D%80?osq=food+review,Gonna共樂遊,gonna%E5%85%B1%E6%A8%82%E9%81%8A-%E5%A4%A7%E5%AE%89%E5%8D%80,"1/F, No. 109, Section 4, Ren'ai Road, 仁愛路四段109號1樓",['Mediterranean'],5.0
219,https://www.yelp.com/biz/teotihuac%C3%A1n-%E5%A4%A7%E5%AE%89%E5%8D%80?osq=food+review,Teotihuacán,teotihuac%C3%A1n-%E5%A4%A7%E5%AE%89%E5%8D%80,"No. 10, Lane 123, Section 2, Jianguo South Road, 建國南路二段123巷10號",['Mexican'],4.0
220,https://www.yelp.com/biz/%E4%B8%8A%E5%BC%95%E6%B0%B4%E7%94%A2-%E4%B8%AD%E5%B1%B1%E5%8D%80?osq=food+review,Addiction Aquatic Development,%E4%B8%8A%E5%BC%95%E6%B0%B4%E7%94%A2-%E4%B8%AD%E5%B1%B1%E5%8D%80,"No. 18, Alley 2, Lane 410, Minzu East Road, 民族東路410巷2弄18號","['Seafood', 'Barbeque', 'Hot Pot']",4.5
221,https://www.yelp.com/biz/raw-%E5%8F%B0%E5%8C%97%E5%B8%82%E4%B8%AD%E5%B1%B1%E5%8D%80?osq=food+review,RAW,raw-%E5%8F%B0%E5%8C%97%E5%B8%82%E4%B8%AD%E5%B1%B1%E5%8D%80,樂群三路301號,"['Modern European', 'Asian Fusion']",4.0
222,https://www.yelp.com/biz/g%C4%93n-creative-%E5%A4%A7%E5%AE%89%E5%8D%80?osq=food+review,Gēn Creative,g%C4%93n-creative-%E5%A4%A7%E5%AE%89%E5%8D%80,"1/F, No.24, Lane 63, Section 2, Dunhua South Road, 敦化南路二段63巷24號1樓",['American (Traditional)'],4.5
223,https://www.yelp.com/biz/%E9%9B%AA%E8%A3%8F%E7%B4%85%E7%B4%A0%E9%A3%9F%E9%BB%9E%E5%BF%83-%E6%9D%BE%E5%B1%B1%E5%8D%80?osq=food+review,雪裏紅素食點心,%E9%9B%AA%E8%A3%8F%E7%B4%85%E7%B4%A0%E9%A3%9F%E9%BB%9E%E5%BF%83-%E6%9D%BE%E5%B1%B1%E5%8D%80,民生東路三段113巷25弄23號,"['Dim Sum', 'Vegan']",4.5
224,https://www.yelp.com/biz/%E6%B5%B7%E8%A8%98%E9%86%AC%E6%B2%B9%E9%9B%9E-%E5%A4%A7%E5%AE%89%E5%8D%80?osq=food+review,Haikee Soy Sauce Chicken,%E6%B5%B7%E8%A8%98%E9%86%AC%E6%B2%B9%E9%9B%9E-%E5%A4%A7%E5%AE%89%E5%8D%80,,['Singaporean'],5.0
225,https://www.yelp.com/biz/%E6%AC%A3%E8%91%89%E6%97%A5%E6%9C%AC%E6%96%99%E7%90%86-%E4%BF%A1%E7%BE%A9%E5%8D%80?osq=food+review,Shin Yeh Japanese Cuisine,%E6%AC%A3%E8%91%89%E6%97%A5%E6%9C%AC%E6%96%99%E7%90%86-%E4%BF%A1%E7%BE%A9%E5%8D%80,,"['Japanese', 'Sushi Bars', 'Buffets']",4.5
226,https://www.yelp.com/biz/%E6%A8%82%E5%8F%A3%E7%A6%8F-%E5%8F%B0%E5%8C%97%E5%B8%82%E4%B8%AD%E5%B1%B1%E5%8D%80?osq=food+review,Loco Food,%E6%A8%82%E5%8F%A3%E7%A6%8F-%E5%8F%B0%E5%8C%97%E5%B8%82%E4%B8%AD%E5%B1%B1%E5%8D%80,"No, 5-4, Lane 89, Section 3, Nanjing E Rd, 南京東路三段89巷5之4號","['Cafes', 'Breakfast & Brunch', 'Burgers']",4.0
227,https://www.yelp.com/biz/the-pantry-amsterdam?osq=food+review,The Pantry,the-pantry-amsterdam,Leidsekruisstraat 21,['Modern European'],4.5
228,https://www.yelp.com/biz/caf%C3%A9-de-klos-amsterdam-2?osq=food+review,Café De Klos,caf%C3%A9-de-klos-amsterdam-2,Kerkstraat 41,['Barbeque'],4.5
229,https://www.yelp.com/biz/vegan-junk-food-bar-amsterdam-3?osq=food+review,Vegan Junk Food Bar,vegan-junk-food-bar-amsterdam-3,Reguliersdwarsstraat 57,"['Vegan', 'Burgers']",4.0
230,https://www.yelp.com/biz/los-pilones-amsterdam?osq=food+review,Los Pilones,los-pilones-amsterdam,Kerkstraat 63,['Mexican'],4.0
231,https://www.yelp.com/biz/de-foodhallen-amsterdam?osq=food+review,De Foodhallen,de-foodhallen-amsterdam,Bellamyplein 51,['Food Court'],4.5
232,https://www.yelp.com/biz/sampurna-amsterdam?osq=food+review,Sampurna,sampurna-amsterdam,Singel 498,['Indonesian'],4.0
233,https://www.yelp.com/biz/pizza-heart-amsterdam-3?osq=food+review,Pizza Heart,pizza-heart-amsterdam-3,Reguliersdwars 51,"['Pizza', 'Food Delivery Services']",4.5
234,https://www.yelp.com/biz/the-seafood-bar-amsterdam-3?osq=food+review,The Seafood Bar,the-seafood-bar-amsterdam-3,Spui 15,['Seafood'],4.5
235,https://www.yelp.com/biz/bakers-en-roasters-amsterdam?osq=food+review,Bakers & Roasters,bakers-en-roasters-amsterdam,Eerste Jacob van Campenstraat 54,"['Breakfast & Brunch', 'Coffee & Tea']",4.5
236,https://www.yelp.com/biz/greenwoods-amsterdam-7?osq=food+review,Greenwoods,greenwoods-amsterdam-7,Keizersgracht 465,"['Tea Rooms', 'Breakfast & Brunch']",4.5
237,https://www.yelp.com/biz/han-%C3%A7iragan-restaurant-ve-cafe-%C3%BCrg%C3%BCp?osq=food+review,Han Çiragan Restaurant & Cafe,han-%C3%A7iragan-restaurant-ve-cafe-%C3%BCrg%C3%BCp,Cumhuriyet Mey. No:4,"['Cafes', 'Turkish', 'Coffee & Tea']",4.5
238,https://www.yelp.com/biz/mozaik-restaurant-nev%C5%9Fehir?osq=food+review,Mozaik Restaurant,mozaik-restaurant-nev%C5%9Fehir,Belediye Cad.,"['Turkish', 'Breakfast & Brunch']",5.0
239,https://www.yelp.com/biz/pumpkin-g%C3%B6reme-restaurant-ve-art-gallery-nev%C5%9Fehir?osq=food+review,Pumpkin Göreme Restaurant & Art Gallery,pumpkin-g%C3%B6reme-restaurant-ve-art-gallery-nev%C5%9Fehir,Isali Mah.,['Turkish'],4.5
240,https://www.yelp.com/biz/urizip-korean-restaurant-g%C3%B6reme?osq=food+review,Urizip Korean Restaurant,urizip-korean-restaurant-g%C3%B6reme,,['Korean'],3.0
241,https://www.yelp.com/biz/coffeedocia-g%C3%B6reme?osq=food+review,Coffeedocia,coffeedocia-g%C3%B6reme,Terminal Yanı No: 12,"['Cafes', 'Fast Food', 'Hookah Bars']",4.0
242,https://www.yelp.com/biz/mado-nev%C5%9Fehir?osq=food+review,Mado,mado-nev%C5%9Fehir,BP Forum İstasyonu No: 23,"['Coffee & Tea', 'Cafes']",4.5
243,https://www.yelp.com/biz/manzara-restaurant-nev%C5%9Fehir?osq=food+review,Manzara Restaurant,manzara-restaurant-nev%C5%9Fehir,Harım Sok. No: 14,['Turkish'],4.0
244,https://www.yelp.com/biz/fat-boys-bar-ve-cafe-g%C3%B6reme?osq=food+review,Fat Boys Bar & Cafe,fat-boys-bar-ve-cafe-g%C3%B6reme,Belediye Cad.,"['Pubs', 'Cafes', 'Coffee & Tea']",3.5
245,https://www.yelp.com/biz/cafe-safak-nev%C5%9Fehir-2?osq=food+review,Cafe Safak,cafe-safak-nev%C5%9Fehir-2,Müze Cd No:28,"['Turkish', 'Cafes', 'Coffee & Tea']",3.5
246,https://www.yelp.com/biz/kale-terrasse-restaurant-nev%C5%9Fehir-2?osq=food+review,Kale Terrasse Restaurant,kale-terrasse-restaurant-nev%C5%9Fehir-2,Müze Cad.,"['Turkish', 'Pita', 'Kebab']",3.5
247,https://www.yelp.com/biz/mestizo-london?osq=food+review,Mestizo,mestizo-london,103 Hampstead Road,"['Mexican', 'Bars']",4.0
248,https://www.yelp.com/biz/restaurant-gordon-ramsay-london-3?osq=food+review,Restaurant Gordon Ramsay,restaurant-gordon-ramsay-london-3,68 Royal Hospital Road,"['French', 'British']",4.5
249,https://www.yelp.com/biz/the-breakfast-club-london-2?osq=food+review,The Breakfast Club,the-breakfast-club-london-2,33 D'Arblay Street,"['Coffee & Tea', 'Breakfast & Brunch', 'American (Traditional)']",4.0
250,https://www.yelp.com/biz/the-fat-bear-london?osq=food+review,The Fat Bear,the-fat-bear-london,61 Carter Lane,"['American (Traditional)', 'Soul Food', 'Cajun/Creole']",4.5
251,https://www.yelp.com/biz/maria-sabina-london?osq=food+review,Maria Sabina,maria-sabina-london,Belvedere Road,['Mexican'],4.0
252,https://www.yelp.com/biz/flat-iron-london-2?osq=food+review,Flat Iron,flat-iron-london-2,17 Beak Street,['Steakhouses'],4.5
253,https://www.yelp.com/biz/silk-road-london-2?osq=food+review,Silk Road,silk-road-london-2,49 Camberwell Church Street,['Chinese'],4.5
254,https://www.yelp.com/biz/wahaca-london-3?osq=food+review,Wahaca,wahaca-london-3,80 Wardour Street,['Mexican'],4.0
255,https://www.yelp.com/biz/the-mayfair-chippy-london-2?osq=food+review,The Mayfair Chippy,the-mayfair-chippy-london-2,14 North Audley Street,['Fish & Chips'],4.5
256,https://www.yelp.com/biz/dishoom-london?osq=food+review,Dishoom,dishoom-london,12 Upper Saint Martin's Lane,['Indian'],4.5
257,https://www.yelp.com/biz/mestizo-london?osq=food+review,Mestizo,mestizo-london,103 Hampstead Road,"['Mexican', 'Bars']",4.0
258,https://www.yelp.com/biz/restaurant-gordon-ramsay-london-3?osq=food+review,Restaurant Gordon Ramsay,restaurant-gordon-ramsay-london-3,68 Royal Hospital Road,"['French', 'British']",4.5
259,https://www.yelp.com/biz/the-breakfast-club-london-2?osq=food+review,The Breakfast Club,the-breakfast-club-london-2,33 D'Arblay Street,"['Coffee & Tea', 'Breakfast & Brunch', 'American (Traditional)']",4.0
260,https://www.yelp.com/biz/the-fat-bear-london?osq=food+review,The Fat Bear,the-fat-bear-london,61 Carter Lane,"['American (Traditional)', 'Soul Food', 'Cajun/Creole']",4.5
261,https://www.yelp.com/biz/maria-sabina-london?osq=food+review,Maria Sabina,maria-sabina-london,Belvedere Road,['Mexican'],4.0
262,https://www.yelp.com/biz/flat-iron-london-2?osq=food+review,Flat Iron,flat-iron-london-2,17 Beak Street,['Steakhouses'],4.5
263,https://www.yelp.com/biz/silk-road-london-2?osq=food+review,Silk Road,silk-road-london-2,49 Camberwell Church Street,['Chinese'],4.5
264,https://www.yelp.com/biz/wahaca-london-3?osq=food+review,Wahaca,wahaca-london-3,80 Wardour Street,['Mexican'],4.0
265,https://www.yelp.com/biz/the-mayfair-chippy-london-2?osq=food+review,The Mayfair Chippy,the-mayfair-chippy-london-2,14 North Audley Street,['Fish & Chips'],4.5
266,https://www.yelp.com/biz/dishoom-london?osq=food+review,Dishoom,dishoom-london,12 Upper Saint Martin's Lane,['Indian'],4.5
267,https://www.yelp.com/biz/cocina-madrigal-phoenix?osq=food+review,Cocina Madrigal,cocina-madrigal-phoenix,4044 S 16th St,['Mexican'],5.0
268,https://www.yelp.com/biz/the-kettle-black-kitchen-and-pub-phoenix?osq=food+review,The Kettle Black Kitchen & Pub,the-kettle-black-kitchen-and-pub-phoenix,1 N 1st St,"['Gastropubs', 'American (Traditional)', 'Fish & Chips']",4.5
269,https://www.yelp.com/biz/brunch-and-sip-phoenix?osq=food+review,Brunch & Sip,brunch-and-sip-phoenix,3950 E Indian School Rd,"['American (Traditional)', 'Coffee & Tea', 'Breakfast & Brunch']",4.5
270,https://www.yelp.com/biz/the-arrogant-butcher-phoenix-3?osq=food+review,The Arrogant Butcher,the-arrogant-butcher-phoenix-3,,"['American (New)', 'Gastropubs', 'Seafood']",4.0
271,https://www.yelp.com/biz/the-bread-and-honey-house-phoenix?osq=food+review,The Bread and Honey House,the-bread-and-honey-house-phoenix,4700 E Van Buren St,"['Cafes', 'Breakfast & Brunch']",5.0
272,https://www.yelp.com/biz/taqueria-guadalajara-phoenix-2?osq=food+review,Taqueria Guadalajara,taqueria-guadalajara-phoenix-2,3308 N 27th Ave,['Caterers'],4.0
273,https://www.yelp.com/biz/major-toms-phoenix-4?osq=food+review,Major Tom’s,major-toms-phoenix-4,720 W Highland Ave,"['Sandwiches', 'Fast Food', 'Breakfast & Brunch']",4.5
274,https://www.yelp.com/biz/snooze-an-a-m-eatery-phoenix-9?osq=food+review,Snooze An A.M. Eatery,snooze-an-a-m-eatery-phoenix-9,800 N Central Ave,"['Breakfast & Brunch', 'American (Traditional)', 'Sandwiches']",4.5
275,https://www.yelp.com/biz/killer-whale-sex-club-phoenix?osq=food+review,Killer Whale Sex Club,killer-whale-sex-club-phoenix,922 N 6th St,"['Cocktail Bars', 'Filipino', 'Korean']",4.5
276,https://www.yelp.com/biz/hint-of-soul-phoenix?osq=food+review,Hint of Soul,hint-of-soul-phoenix,3801 S Central Ave,"['Caterers', 'Personal Chefs', 'Pop-Up Restaurants']",5.0
277,https://www.yelp.com/biz/seasons-bistro-and-tavern-shaver-lake?osq=food+review,Seasons Bistro and Tavern,seasons-bistro-and-tavern-shaver-lake,41830 Tollhouse Rd,['American (Traditional)'],4.5
278,https://www.yelp.com/biz/casa-velasco-mexican-restaurant-bass-lake?osq=food+review,Casa Velasco Mexican Restaurant,casa-velasco-mexican-restaurant-bass-lake,54311 Rd 432,['Mexican'],4.5
279,https://www.yelp.com/biz/millers-landing-resort-bass-lake?osq=food+review,Miller’s Landing Resort,millers-landing-resort-bass-lake,37976 Rd 222,"['Boating', 'Vacation Rentals', 'American (Traditional)']",4.5
280,https://www.yelp.com/biz/matsumoto-samurais-kitchen-oakhurst?osq=food+review,Matsumoto Samurai’s Kitchen,matsumoto-samurais-kitchen-oakhurst,49333 Road 426,"['Food Trucks', 'Poke', 'Japanese']",5.0
281,https://www.yelp.com/biz/the-farm-house-by-revs-oakhurst-2?osq=food+review,The Farm House by REV’s,the-farm-house-by-revs-oakhurst-2,40282 CA-41,"['American (Traditional)', 'Desserts', 'Breakfast & Brunch']",4.5
282,https://www.yelp.com/biz/shaver-lake-pub-n-grub-shaver-lake?osq=food+review,Shaver Lake Pub N Grub,shaver-lake-pub-n-grub-shaver-lake,41782 Dorabella Rd,"['Pubs', 'American (Traditional)']",4.0
283,https://www.yelp.com/biz/la-cabana-north-fork?osq=food+review,La Cabana,la-cabana-north-fork,32762 Rd 222,['Mexican'],4.0
284,https://www.yelp.com/biz/stonehouse-tavern-auberry?osq=food+review,Stonehouse Tavern,stonehouse-tavern-auberry,33071 Auberry Rd,"['Dive Bars', 'Burgers', 'Music Venues']",4.5
285,https://www.yelp.com/biz/duceys-on-the-lake-bass-lake-2?osq=food+review,Ducey’s on the Lake,duceys-on-the-lake-bass-lake-2,39255 Marina Dr,"['Seafood', 'Steakhouses', 'American (Traditional)']",3.5
286,https://www.yelp.com/biz/lakeshore-resort-restaurant-lakeshore?osq=food+review,Lakeshore Resort Restaurant,lakeshore-resort-restaurant-lakeshore,61953 Huntington Lake Rd,"['Burgers', 'Sandwiches', 'American (New)']",4.0
287,https://www.yelp.com/biz/seasons-bistro-and-tavern-shaver-lake?osq=food+review,Seasons Bistro and Tavern,seasons-bistro-and-tavern-shaver-lake,41830 Tollhouse Rd,['American (Traditional)'],4.5
288,https://www.yelp.com/biz/casa-velasco-mexican-restaurant-bass-lake?osq=food+review,Casa Velasco Mexican Restaurant,casa-velasco-mexican-restaurant-bass-lake,54311 Rd 432,['Mexican'],4.5
289,https://www.yelp.com/biz/millers-landing-resort-bass-lake?osq=food+review,Miller’s Landing Resort,millers-landing-resort-bass-lake,37976 Rd 222,"['Boating', 'Vacation Rentals', 'American (Traditional)']",4.5
290,https://www.yelp.com/biz/matsumoto-samurais-kitchen-oakhurst?osq=food+review,Matsumoto Samurai’s Kitchen,matsumoto-samurais-kitchen-oakhurst,49333 Road 426,"['Food Trucks', 'Poke', 'Japanese']",5.0
291,https://www.yelp.com/biz/the-farm-house-by-revs-oakhurst-2?osq=food+review,The Farm House by REV’s,the-farm-house-by-revs-oakhurst-2,40282 CA-41,"['American (Traditional)', 'Desserts', 'Breakfast & Brunch']",4.5
292,https://www.yelp.com/biz/shaver-lake-pub-n-grub-shaver-lake?osq=food+review,Shaver Lake Pub N Grub,shaver-lake-pub-n-grub-shaver-lake,41782 Dorabella Rd,"['Pubs', 'American (Traditional)']",4.0
293,https://www.yelp.com/biz/la-cabana-north-fork?osq=food+review,La Cabana,la-cabana-north-fork,32762 Rd 222,['Mexican'],4.0
294,https://www.yelp.com/biz/stonehouse-tavern-auberry?osq=food+review,Stonehouse Tavern,stonehouse-tavern-auberry,33071 Auberry Rd,"['Dive Bars', 'Burgers', 'Music Venues']",4.5
295,https://www.yelp.com/biz/duceys-on-the-lake-bass-lake-2?osq=food+review,Ducey’s on the Lake,duceys-on-the-lake-bass-lake-2,39255 Marina Dr,"['Seafood', 'Steakhouses', 'American (Traditional)']",3.5
296,https://www.yelp.com/biz/lakeshore-resort-restaurant-lakeshore?osq=food+review,Lakeshore Resort Restaurant,lakeshore-resort-restaurant-lakeshore,61953 Huntington Lake Rd,"['Burgers', 'Sandwiches', 'American (New)']",4.0
297,https://www.yelp.com/biz/lucky-noodles-denver?osq=food+review,Lucky Noodles,lucky-noodles-denver,1201 E Colfax Ave,['Thai'],4.5
298,https://www.yelp.com/biz/counter-culture-brewery-grille-denver-3?osq=food+review,Counter Culture Brewery + Grille,counter-culture-brewery-grille-denver-3,205 E 7th Ave,"['American (Traditional)', 'Brewpubs']",4.5
299,https://www.yelp.com/biz/sullivan-scrap-kitchen-denver-2?osq=food+review,Sullivan Scrap Kitchen,sullivan-scrap-kitchen-denver-2,1740 E 17th Ave,"['American (Traditional)', 'Sandwiches', 'Burgers']",5.0
300,https://www.yelp.com/biz/steubens-uptown-denver?osq=food+review,Steuben’s Uptown,steubens-uptown-denver,523 E 17th Ave,"['Diners', 'Breakfast & Brunch', 'Cocktail Bars']",4.0
301,https://www.yelp.com/biz/mimosas-denver?osq=food+review,Mimosas,mimosas-denver,2752 Welton St,"['American (Traditional)', 'Breakfast & Brunch']",4.5
302,https://www.yelp.com/biz/denver-biscuit-co-denver-17?osq=food+review,Denver Biscuit Co.,denver-biscuit-co-denver-17,3237 E Colfax Ave,"['Sandwiches', 'Breakfast & Brunch']",4.5
303,https://www.yelp.com/biz/onefold-denver?osq=food+review,Onefold,onefold-denver,1420 E 18th Ave,"['Breakfast & Brunch', 'Cafes']",4.5
304,https://www.yelp.com/biz/lea-janes-hot-chicken-denver-2?osq=food+review,Lea Jane’s Hot Chicken,lea-janes-hot-chicken-denver-2,1441 26th St,"['Chicken Shop', 'American (Traditional)', 'Southern']",4.5
305,https://www.yelp.com/biz/clean-eatz-denver-park-hill-denver-2?osq=food+review,Clean Eatz - Denver Park Hill,clean-eatz-denver-park-hill-denver-2,5979 East Colfax Ave,"['Health Markets', 'Cafes', 'Salad']",5.0
306,https://www.yelp.com/biz/slaters-50-50-denver?osq=food+review,Slater’s 50/50,slaters-50-50-denver,3600 Blake St,"['Burgers', 'Beer Bar']",4.5
307,https://www.yelp.com/biz/rico-mac-taco-bridgeport?osq=food+review,Rico Mac Taco,rico-mac-taco-bridgeport,,"['Food Trucks', 'Tacos']",5.0
308,https://www.yelp.com/biz/rum-and-tequilla-fusion-bridgeport?osq=food+review,Rum And Tequilla Fusion,rum-and-tequilla-fusion-bridgeport,211 State St,"['Caribbean', 'Bars', 'Mexican']",4.5
309,https://www.yelp.com/biz/pantanal-restaurant-bridgeport?osq=food+review,Pantanal Restaurant,pantanal-restaurant-bridgeport,215 Frank St,"['Brazilian', 'Desserts', 'Buffets']",4.5
310,https://www.yelp.com/biz/peking-restaurant-bridgeport?osq=food+review,Peking Restaurant,peking-restaurant-bridgeport,264 Wade St,['Chinese'],4.5
311,https://www.yelp.com/biz/trap-chicken-bridgeport-2?osq=food+review,Trap Chicken,trap-chicken-bridgeport-2,500 Park Ave,"['Seafood', 'American (Traditional)']",4.5
312,https://www.yelp.com/biz/howling-hot-chicken-bridgeport?osq=food+review,Howling Hot Chicken,howling-hot-chicken-bridgeport,4615 Main St,['Chicken Shop'],4.0
313,https://www.yelp.com/biz/trattoria-a-vucchella-bridgeport?osq=food+review,Trattoria ‘A Vucchella,trattoria-a-vucchella-bridgeport,272 Fairfield Ave,"['Italian', 'Wine Bars']",4.0
314,https://www.yelp.com/biz/hub-and-spoke-bridgeport?osq=food+review,Hub & Spoke,hub-and-spoke-bridgeport,3001 Fairfield Ave,"['American (New)', 'Gastropubs', 'Tapas Bars']",4.0
315,https://www.yelp.com/biz/boca-oyster-bar-bridgeport?osq=food+review,Boca Oyster Bar,boca-oyster-bar-bridgeport,10 E Main St,"['American (New)', 'Seafood']",3.0
316,https://www.yelp.com/biz/taqueria-la-michoacana-bridgeport?osq=food+review,Taqueria La Michoacana,taqueria-la-michoacana-bridgeport,1914 Main St,['Mexican'],4.0
317,https://www.yelp.com/biz/yardbird-southern-table-and-bar-washington?osq=food+review,Yardbird Southern Table & Bar,yardbird-southern-table-and-bar-washington,901 New York NW,"['American (New)', 'American (Traditional)']",4.0
318,https://www.yelp.com/biz/butter-me-up-washington?osq=food+review,Butter Me Up,butter-me-up-washington,651 Florida Ave,['Breakfast & Brunch'],4.0
319,https://www.yelp.com/biz/lucky-danger-washington?osq=food+review,Lucky Danger,lucky-danger-washington,455 I St NW,"['Pop-Up Restaurants', 'Chinese', 'Seafood']",4.5
320,https://www.yelp.com/biz/unconventional-diner-washington-3?osq=food+review,Unconventional Diner,unconventional-diner-washington-3,1207 9th St NW,"['American (New)', 'Breakfast & Brunch']",4.5
321,https://www.yelp.com/biz/baan-siam-washington?osq=food+review,Baan Siam,baan-siam-washington,425 I St NW,['Thai'],5.0
322,https://www.yelp.com/biz/ghostburger-washington?osq=food+review,Ghostburger,ghostburger-washington,1250 9th St NW,"['Burgers', 'Sandwiches', 'American (Traditional)']",4.0
323,https://www.yelp.com/biz/le-diplomate-washington?osq=food+review,Le Diplomate,le-diplomate-washington,1601 14th St NW,"['Brasseries', 'French', 'Breakfast & Brunch']",4.5
324,https://www.yelp.com/biz/mr-braxton-bar-and-kitchen-washington?osq=food+review,Mr Braxton Bar & Kitchen,mr-braxton-bar-and-kitchen-washington,3632 Georgia Ave NW,"['American (New)', 'Cocktail Bars']",4.5
325,https://www.yelp.com/biz/king-street-oyster-bar-washington-2?osq=food+review,King Street Oyster Bar,king-street-oyster-bar-washington-2,22 M St NE,"['Seafood', 'Breakfast & Brunch', 'American (Traditional)']",4.5
326,https://www.yelp.com/biz/purple-patch-washington?osq=food+review,Purple Patch,purple-patch-washington,3155 Mt Pleasant St NW,"['Filipino', 'American (Traditional)', 'Cocktail Bars']",4.5
327,https://www.yelp.com/biz/the-fatty-crab-doral-2?osq=food+review,The Fatty Crab,the-fatty-crab-doral-2,2000 NW 87th Ave,['Seafood'],4.5
328,https://www.yelp.com/biz/mkt-kitchen-miami?osq=food+review,MKT Kitchen,mkt-kitchen-miami,1831 Ponce De Leon Blvd,"['Breakfast & Brunch', 'American (Traditional)', 'Sandwiches']",5.0
329,https://www.yelp.com/biz/red-shallot-doral?osq=food+review,Red Shallot,red-shallot-doral,9032 NW 25th St,"['Chinese', 'Asian Fusion', 'Taiwanese']",5.0
330,https://www.yelp.com/biz/fierro-argentine-grill-miami?osq=food+review,Fierro Argentine Grill,fierro-argentine-grill-miami,6420 Bird Rd,"['Argentine', 'Sandwiches', 'Steakhouses']",5.0
331,https://www.yelp.com/biz/honey-uninhibited-miami?osq=food+review,Honey Uninhibited,honey-uninhibited-miami,1777 SW 3rd Ave,"['Breakfast & Brunch', 'Southern', 'Comfort Food']",4.0
332,https://www.yelp.com/biz/whisk-gourmet-food-and-catering-miami-2?osq=food+review,WHISK Gourmet Food & Catering,whisk-gourmet-food-and-catering-miami-2,7382 SW 56th Ave,['American (New)'],4.5
333,https://www.yelp.com/biz/eating-house-coral-gables-2?osq=food+review,Eating House,eating-house-coral-gables-2,804 Ponce De Leon Blvd,"['American (New)', 'Italian']",4.5
334,https://www.yelp.com/biz/first-watch-miami-6?osq=food+review,First Watch,first-watch-miami-6,5799 NW 7th St,"['Breakfast & Brunch', 'Cafes', 'American (Traditional)']",4.0
335,https://www.yelp.com/biz/greenstreet-cafe-miami-3?osq=food+review,Greenstreet Cafe,greenstreet-cafe-miami-3,3468 Main Hwy,"['Breakfast & Brunch', 'American (Traditional)', 'Cocktail Bars']",4.0
336,https://www.yelp.com/biz/cajun-boil-miami-12?osq=food+review,Cajun Boil,cajun-boil-miami-12,10162 W Flagler St,"['Cajun/Creole', 'Seafood', 'Asian Fusion']",4.5
337,https://www.yelp.com/biz/atlanta-breakfast-club-atlanta?osq=food+review,Atlanta Breakfast Club,atlanta-breakfast-club-atlanta,249 Ivan Allen Jr Blvd,"['Southern', 'Breakfast & Brunch', 'American (Traditional)']",4.5
338,https://www.yelp.com/biz/hattie-bs-hot-chicken-atlanta-atlanta?osq=food+review,Hattie B’s Hot Chicken - Atlanta,hattie-bs-hot-chicken-atlanta-atlanta,299 Moreland Ave NE,"['Southern', 'American (Traditional)']",4.5
339,https://www.yelp.com/biz/breakfast-at-barneys-atlanta-2?osq=food+review,Breakfast at Barneys,breakfast-at-barneys-atlanta-2,349 Decatur St SE,"['Breakfast & Brunch', 'American (New)', 'Champagne Bars']",4.0
340,https://www.yelp.com/biz/salsa-taqueria-and-wings-atlanta?osq=food+review,Salsa Taqueria & Wings,salsa-taqueria-and-wings-atlanta,3799 Buford Hwy NE,"['Halal', 'Mexican', 'American (Traditional)']",4.5
341,https://www.yelp.com/biz/brown-bag-seafood-atlanta?osq=food+review,Brown Bag Seafood,brown-bag-seafood-atlanta,,"['Salad', 'Seafood', 'Sandwiches']",4.5
342,https://www.yelp.com/biz/whiskey-bird-atlanta?osq=food+review,Whiskey Bird,whiskey-bird-atlanta,1409 N Highland Ave NE,"['American (New)', 'Asian Fusion', 'Breakfast & Brunch']",4.5
343,https://www.yelp.com/biz/desta-ethiopian-kitchen-atlanta?osq=food+review,Desta Ethiopian Kitchen,desta-ethiopian-kitchen-atlanta,3086 Briarcliff Rd NE,"['Ethiopian', 'Desserts', 'Sandwiches']",4.5
344,https://www.yelp.com/biz/food-terminal-atlanta?osq=food+review,Food Terminal,food-terminal-atlanta,1000 Marietta St NW,"['Malaysian', 'Pan Asian', 'Chinese']",4.5
345,https://www.yelp.com/biz/the-busy-bee-cafe-atlanta?osq=food+review,The Busy Bee Cafe,the-busy-bee-cafe-atlanta,810 Martin Luther King Jr Dr SW,"['Soul Food', 'Southern']",4.0
346,https://www.yelp.com/biz/fin-and-feathers-atlanta?osq=food+review,Fin & Feathers,fin-and-feathers-atlanta,360 Edgewood Ave SE,"['Soul Food', 'Breakfast & Brunch', 'American (Traditional)']",4.0
347,https://www.yelp.com/biz/the-perch-chicago?osq=food+review,The Perch,the-perch-chicago,1932 W Division,"['Breweries', 'American (New)']",4.5
348,https://www.yelp.com/biz/etta-bucktown-chicago?osq=food+review,etta - Bucktown,etta-bucktown-chicago,1840 W North Ave,"['Italian', 'American (New)', 'Breakfast & Brunch']",4.5
349,https://www.yelp.com/biz/andros-taverna-chicago-2?osq=food+review,Andros Taverna,andros-taverna-chicago-2,2542 N Milwaukee,"['Greek', 'Mediterranean', 'Seafood']",4.5
350,https://www.yelp.com/biz/dirty-tiffs-cafe-chicago?osq=food+review,Dirty Tiff’s Cafe,dirty-tiffs-cafe-chicago,225 E 47th,"['Soul Food', 'Caribbean']",5.0
351,https://www.yelp.com/biz/lucys-chicago?osq=food+review,Lucy’s,lucys-chicago,1043 N California Ave,['American (Traditional)'],4.0
352,https://www.yelp.com/biz/the-whale-chicago-chicago?osq=food+review,The Whale Chicago,the-whale-chicago-chicago,2427 N Milwaukee Ave,['American (New)'],4.0
353,https://www.yelp.com/biz/cracked-on-milwaukee-chicago?osq=food+review,Cracked on Milwaukee,cracked-on-milwaukee-chicago,1359 N Milwaukee Ave,"['Breakfast & Brunch', 'Coffee & Tea', 'Burgers']",4.5
354,https://www.yelp.com/biz/meez-meals-chicago-4?osq=food+review,Meez Meals,meez-meals-chicago-4,,['Food Delivery Services'],5.0
355,https://www.yelp.com/biz/land-and-lake-andersonville-chicago?osq=food+review,Land & Lake Andersonville,land-and-lake-andersonville-chicago,5420 N Clark St,['American (Traditional)'],5.0
356,https://www.yelp.com/biz/wake-n-bacon-chicago?osq=food+review,Wake ‘n Bacon,wake-n-bacon-chicago,420 W Belmont Ave,"['Breakfast & Brunch', 'Coffee & Tea', 'Comfort Food']",4.5
357,https://www.yelp.com/biz/the-oakmont-indianapolis?osq=food+review,The Oakmont,the-oakmont-indianapolis,323 N Delaware St,"['American (Traditional)', 'Breakfast & Brunch', 'Bars']",4.5
358,https://www.yelp.com/biz/the-garage-food-hall-indianapolis-2?osq=food+review,The Garage Food Hall,the-garage-food-hall-indianapolis-2,906 Carrollton Ave,['Food Court'],4.5
359,https://www.yelp.com/biz/shake-shack-fishers?osq=food+review,Shake Shack,shake-shack-fishers,9701 E 116th St,"['American (Traditional)', 'Burgers', 'Hot Dogs']",3.5
360,https://www.yelp.com/biz/bodhi-craft-bar-thai-bistro-indianapolis?osq=food+review,BODHI : Craft Bar + Thai Bistro,bodhi-craft-bar-thai-bistro-indianapolis,922 Massachusetts Ave,"['Thai', 'Cocktail Bars', 'Gastropubs']",4.5
361,https://www.yelp.com/biz/slapfish-indianapolis-2?osq=food+review,Slapfish,slapfish-indianapolis-2,345 Massachusetts Ave,"['Seafood', 'Salad', 'Fish & Chips']",4.5
362,https://www.yelp.com/biz/yaso-jamaican-grill-indianapolis-2?osq=food+review,Yaso Jamaican Grill,yaso-jamaican-grill-indianapolis-2,1501 Prospect St,['Caribbean'],5.0
363,https://www.yelp.com/biz/pa-and-mas-backyard-bbq-indianapolis-2?osq=food+review,Pa & Ma’s Backyard BBQ,pa-and-mas-backyard-bbq-indianapolis-2,3469 N College Ave,"['Barbeque', 'Soul Food']",4.5
364,https://www.yelp.com/biz/root-and-bone-indianapolis-indianapolis?osq=food+review,Root & Bone Indianapolis,root-and-bone-indianapolis-indianapolis,4601 N College Ave,['American (Traditional)'],4.5
365,https://www.yelp.com/biz/love-handle-indianapolis?osq=food+review,Love Handle,love-handle-indianapolis,877 Massachusetts Ave,"['Delis', 'Sandwiches', 'Breakfast & Brunch']",4.5
366,https://www.yelp.com/biz/the-eagle-indianapolis-13?osq=food+review,The Eagle,the-eagle-indianapolis-13,310 Massachusetts Ave,"['American (Traditional)', 'Southern']",4.5
367,https://www.yelp.com/biz/the-eagle-louisville-2?osq=food+review,The Eagle,the-eagle-louisville-2,1314 Bardstown Rd,"['Southern', 'American (Traditional)', 'Comfort Food']",4.5
368,https://www.yelp.com/biz/hammerheads-louisville?osq=food+review,Hammerheads,hammerheads-louisville,921 Swan St,"['Southern', 'American (New)', 'Gastropubs']",4.5
369,https://www.yelp.com/biz/dasha-barbours-louisville?osq=food+review,Dasha Barbours,dasha-barbours-louisville,2217 Steier Ln,"['Southern', 'American (Traditional)', 'Chicken Shop']",4.5
370,https://www.yelp.com/biz/simply-thai-louisville?osq=food+review,Simply Thai,simply-thai-louisville,323 Wallace Ave,"['Thai', 'Sushi Bars', 'Chinese']",4.0
371,https://www.yelp.com/biz/first-watch-louisville-12?osq=food+review,First Watch,first-watch-louisville-12,2225 Taylorsville Rd,"['Breakfast & Brunch', 'Cafes', 'American (Traditional)']",4.5
372,https://www.yelp.com/biz/biscuit-belly-nulu-louisville?osq=food+review,Biscuit Belly - Nulu,biscuit-belly-nulu-louisville,900 E Main St,"['Southern', 'Breakfast & Brunch']",4.5
373,https://www.yelp.com/biz/hammerheads-louisville-2?osq=food+review,Hammerheads,hammerheads-louisville-2,2222 Dundee Rd,"['Barbeque', 'Tacos', 'Sandwiches']",4.5
374,https://www.yelp.com/biz/doc-crows-louisville?osq=food+review,Doc Crow’s,doc-crows-louisville,127 W Main St,"['Southern', 'Seafood', 'Smokehouse']",4.0
375,https://www.yelp.com/biz/naive-louisville-2?osq=food+review,Naive,naive-louisville-2,1001 E Washington St,"['American (New)', 'Cocktail Bars', 'Vegetarian']",4.5
376,https://www.yelp.com/biz/kerns-korner-louisville?osq=food+review,Kern’s Korner,kerns-korner-louisville,2600 Bardstown Rd,['American (Traditional)'],4.5
377,https://www.yelp.com/biz/bites-and-bashes-catering-los-angeles-2?osq=food+review,Bites & Bashes Catering,bites-and-bashes-catering-los-angeles-2,,['Caterers'],5.0
378,https://www.yelp.com/biz/the-ppong-los-angeles-2?osq=food+review,The Ppong,the-ppong-los-angeles-2,4003 Wilshire Blvd,"['Korean', 'Chinese', 'Soup']",4.5
379,https://www.yelp.com/biz/l-antica-pizzeria-da-michele-los-angeles-2?osq=food+review,L’Antica Pizzeria Da Michele,l-antica-pizzeria-da-michele-los-angeles-2,1534 N McCadden Pl,"['Pizza', 'Italian']",4.5
380,https://www.yelp.com/biz/shin-mi-catering-los-angeles?osq=food+review,Shin Mi Catering,shin-mi-catering-los-angeles,698 Irolo St,['Caterers'],4.5
381,https://www.yelp.com/biz/three-borders-brunch-and-grill-los-angeles-3?osq=food+review,Three Borders Brunch & Grill,three-borders-brunch-and-grill-los-angeles-3,5269 W Olympic Blvd,"['Breakfast & Brunch', 'American (New)', 'Latin American']",5.0
382,https://www.yelp.com/biz/banchan-a-la-carte-los-angeles-5?osq=food+review,Banchan A La Carte,banchan-a-la-carte-los-angeles-5,141 N Western Ave,"['Caterers', 'Party & Event Planning']",4.0
383,https://www.yelp.com/biz/howlin-rays-los-angeles-3?osq=food+review,Howlin’ Ray’s,howlin-rays-los-angeles-3,727 N Broadway,"['Southern', 'Chicken Shop', 'American (Traditional)']",4.5
384,https://www.yelp.com/biz/my-yummy-tacos-los-angeles?osq=food+review,My Yummy Tacos,my-yummy-tacos-los-angeles,,['Caterers'],5.0
385,https://www.yelp.com/biz/fratelli-cafe-los-angeles?osq=food+review,Fratelli Cafe,fratelli-cafe-los-angeles,7200 Melrose Ave,"['Coffee & Tea', 'Breakfast & Brunch', 'Sandwiches']",4.5
386,https://www.yelp.com/biz/71-above-los-angeles-2?osq=food+review,71 Above,71-above-los-angeles-2,633 W 5th St,"['American (Traditional)', 'Cocktail Bars']",4.0
387,https://www.yelp.com/biz/blk-swan-baltimore?osq=food+review,BLK SWAN,blk-swan-baltimore,1302 Fleet St,"['American (New)', 'Cocktail Bars']",4.5
388,https://www.yelp.com/biz/nihao-baltimore-2?osq=food+review,NiHao,nihao-baltimore-2,2322 Boston St,['Chinese'],4.5
389,https://www.yelp.com/biz/ouzo-bay-baltimore?osq=food+review,Ouzo Bay,ouzo-bay-baltimore,1000 Lancaster St,"['Greek', 'Seafood', 'Mediterranean']",4.0
390,https://www.yelp.com/biz/saturday-morning-cafe-baltimore-3?osq=food+review,Saturday Morning Cafe,saturday-morning-cafe-baltimore-3,111 Water St,"['Breakfast & Brunch', 'American (New)', 'Coffee & Tea']",4.0
391,https://www.yelp.com/biz/blue-moon-cafe-baltimore?osq=food+review,Blue Moon Cafe,blue-moon-cafe-baltimore,1621 Aliceanna St,"['Breakfast & Brunch', 'American (Traditional)']",4.0
392,https://www.yelp.com/biz/cocina-luchadoras-baltimore?osq=food+review,Cocina Luchadoras,cocina-luchadoras-baltimore,253 S Broadway St,['Mexican'],4.5
393,https://www.yelp.com/biz/clavel-baltimore?osq=food+review,Clavel,clavel-baltimore,225 W 23rd St,"['Bars', 'Mexican', 'Breakfast & Brunch']",4.5
394,https://www.yelp.com/biz/cheezy-mikes-food-emporium-baltimore?osq=food+review,Cheezy Mike’s Food Emporium,cheezy-mikes-food-emporium-baltimore,520 Park Ave,"['Comfort Food', 'American (Traditional)']",5.0
395,https://www.yelp.com/biz/the-food-market-baltimore?osq=food+review,The Food Market,the-food-market-baltimore,1017 W 36th St,['American (New)'],4.5
396,https://www.yelp.com/biz/miss-shirleys-cafe-baltimore-9?osq=food+review,Miss Shirley’s Cafe,miss-shirleys-cafe-baltimore-9,750 E Pratt St,"['Breakfast & Brunch', 'American (Traditional)', 'Cafes']",4.0
397,https://www.yelp.com/biz/selden-standard-detroit?osq=food+review,Selden Standard,selden-standard-detroit,3921 2nd Ave,"['American (New)', 'Breakfast & Brunch', 'Sandwiches']",4.5
398,https://www.yelp.com/biz/spread-detroit-detroit-3?osq=food+review,Spread Detroit,spread-detroit-detroit-3,4201 Cass Ave,"['Delis', 'Coffee & Tea', 'American (Traditional)']",4.5
399,https://www.yelp.com/biz/taqueria-mi-pueblo-detroit?osq=food+review,Taqueria Mi Pueblo,taqueria-mi-pueblo-detroit,7278 Dix St,['Mexican'],4.5
400,https://www.yelp.com/biz/babo-detroit?osq=food+review,Babo,babo-detroit,15 E Kirby St,"['American (New)', 'Breakfast & Brunch']",4.5
401,https://www.yelp.com/biz/fat-daddys-hot-chicken-and-waffles-riverview?osq=food+review,Fat Daddy’s Hot Chicken & Waffles,fat-daddys-hot-chicken-and-waffles-riverview,18283 Fort St,"['Waffles', 'American (Traditional)', 'Chicken Wings']",4.5
402,https://www.yelp.com/biz/dime-store-detroit-4?osq=food+review,Dime Store,dime-store-detroit-4,719 Griswold St,"['Breakfast & Brunch', 'American (New)', 'Diners']",4.5
403,https://www.yelp.com/biz/detroit-shipping-company-detroit-2?osq=food+review,Detroit Shipping Company,detroit-shipping-company-detroit-2,474 Peterboro St,"['Beer Gardens', 'Food Court']",4.0
404,https://www.yelp.com/biz/the-apparatus-room-detroit?osq=food+review,The Apparatus Room,the-apparatus-room-detroit,,"['American (New)', 'Cocktail Bars']",4.0
405,https://www.yelp.com/biz/boostan-cafe-hamtramck-2?osq=food+review,Boostan Cafe,boostan-cafe-hamtramck-2,3470 Holbrook Ave,"['American (Traditional)', 'Middle Eastern', 'Juice Bars & Smoothies']",5.0
406,https://www.yelp.com/biz/detroit-75-kitchen-detroit?osq=food+review,Detroit 75 Kitchen,detroit-75-kitchen-detroit,,"['Food Trucks', 'American (Traditional)', 'Sandwiches']",4.5
407,https://www.yelp.com/biz/tongue-in-cheek-saint-paul?osq=food+review,Tongue In Cheek,tongue-in-cheek-saint-paul,989 Payne Ave,['American (New)'],4.5
408,https://www.yelp.com/biz/just-us-e-a-t-ery-saint-paul?osq=food+review,Just/​​Us ​E​a​​t​ery​,just-us-e-a-t-ery-saint-paul,275 4th St E,"['Asian Fusion', 'Thai']",4.5
409,https://www.yelp.com/biz/handsome-hog-st-paul?osq=food+review,Handsome Hog,handsome-hog-st-paul,173 Western Ave N,"['Southern', 'Waffles', 'Cocktail Bars']",4.0
410,https://www.yelp.com/biz/revival-st-paul-saint-paul?osq=food+review,Revival - St. Paul,revival-st-paul-saint-paul,525 Selby Ave,"['Southern', 'Desserts', 'Burgers']",4.0
411,https://www.yelp.com/biz/hope-breakfast-bar-saint-paul-2?osq=food+review,Hope Breakfast Bar,hope-breakfast-bar-saint-paul-2,1 S Leech St,"['Breakfast & Brunch', 'Coffee & Tea', 'Cocktail Bars']",4.0
412,https://www.yelp.com/biz/coconut-thai-saint-paul-saint-paul-2?osq=food+review,Coconut Thai - Saint Paul,coconut-thai-saint-paul-saint-paul-2,720 Grand Ave,['Thai'],5.0
413,https://www.yelp.com/biz/degidios-restaurant-and-bar-saint-paul?osq=food+review,DeGidio’s Restaurant & Bar,degidios-restaurant-and-bar-saint-paul,425 7th St W,['Italian'],4.5
414,https://www.yelp.com/biz/pillbox-tavern-saint-paul?osq=food+review,Pillbox Tavern,pillbox-tavern-saint-paul,400 Wabasha St N,"['Salad', 'Sports Bars', 'American (Traditional)']",4.5
415,https://www.yelp.com/biz/thai-garden-saint-paul-2?osq=food+review,Thai Garden,thai-garden-saint-paul-2,432 University Ave W,['Thai'],4.5
416,https://www.yelp.com/biz/red-cow-saint-paul-saint-paul?osq=food+review,Red Cow - Saint Paul,red-cow-saint-paul-saint-paul,393 Selby Ave,"['Burgers', 'Wine Bars', 'American (New)']",4.5
417,https://www.yelp.com/biz/fox-and-pearl-kansas-city?osq=food+review,Fox and Pearl,fox-and-pearl-kansas-city,2143 Summit St,['American (New)'],4.5
418,https://www.yelp.com/biz/denver-biscuit-co-kansas-city-3?osq=food+review,Denver Biscuit Co.,denver-biscuit-co-kansas-city-3,4144 Pennsylvania Ave,"['Breakfast & Brunch', 'Southern']",4.5
419,https://www.yelp.com/biz/the-farmhouse-kansas-city-3?osq=food+review,The Farmhouse,the-farmhouse-kansas-city-3,300 Delaware St,"['American (New)', 'Desserts', 'Breakfast & Brunch']",4.0
420,https://www.yelp.com/biz/snooze-an-am-eatery-kansas-city-3?osq=food+review,Snooze an AM Eatery,snooze-an-am-eatery-kansas-city-3,4144 Broadway Blvd,"['Breakfast & Brunch', 'American (Traditional)', 'Sandwiches']",4.5
421,https://www.yelp.com/biz/the-rockhill-grille-kansas-city-2?osq=food+review,The Rockhill Grille,the-rockhill-grille-kansas-city-2,2000 Grand Blvd,"['Cocktail Bars', 'American (New)', 'Breakfast & Brunch']",4.5
422,https://www.yelp.com/biz/the-fix-kc-kansas-city?osq=food+review,The Fix KC,the-fix-kc-kansas-city,600 E 31st St,"['Comfort Food', 'Breakfast & Brunch']",5.0
423,https://www.yelp.com/biz/q39-midtown-kansas-city-3?osq=food+review,Q39 Midtown,q39-midtown-kansas-city-3,1000 W 39th St,"['Barbeque', 'American (Traditional)', 'Desserts']",4.5
424,https://www.yelp.com/biz/the-antler-room-kansas-city-3?osq=food+review,The Antler Room,the-antler-room-kansas-city-3,2506 Holmes St,"['Bars', 'American (New)', 'Diners']",4.5
425,https://www.yelp.com/biz/sauced-kansas-city?osq=food+review,SAUCED.,sauced-kansas-city,1881-B Main Street,"['American (Traditional)', 'Burgers', 'Chicken Wings']",4.5
426,https://www.yelp.com/biz/parlor-kansas-city-2?osq=food+review,Parlor,parlor-kansas-city-2,1707 Locust St,['Food Court'],4.5
427,https://www.yelp.com/biz/rh-rooftop-restaurant-charlotte-charlotte-3?osq=food+review,RH Rooftop Restaurant Charlotte,rh-rooftop-restaurant-charlotte-charlotte-3,6903 Phillips Place Ct,['American (Traditional)'],4.0
428,https://www.yelp.com/biz/easy-like-sunday-charlotte?osq=food+review,Easy Like Sunday,easy-like-sunday-charlotte,1600 E Woodlawn Rd,"['Breakfast & Brunch', 'American (Traditional)']",4.5
429,https://www.yelp.com/biz/african-kitchen-charlotte?osq=food+review,African Kitchen,african-kitchen-charlotte,6024 The Plz,['African'],4.0
430,https://www.yelp.com/biz/leah-and-louise-charlotte?osq=food+review,Leah & Louise,leah-and-louise-charlotte,301 Camp Rd,"['Bars', 'Southern', 'American (New)']",4.5
431,https://www.yelp.com/biz/taipei-express-charlotte?osq=food+review,Taipei Express,taipei-express-charlotte,731 Providence Rd,['Chinese'],4.0
432,https://www.yelp.com/biz/bulla-gastrobar-charlotte-2?osq=food+review,Bulla Gastrobar,bulla-gastrobar-charlotte-2,4310 Sharon Rd,"['Tapas Bars', 'Spanish', 'Gastropubs']",4.5
433,https://www.yelp.com/biz/the-mad-greek-of-charlotte-charlotte-4?osq=food+review,The Mad Greek of Charlotte,the-mad-greek-of-charlotte-charlotte-4,5011 South Blvd,"['Greek', 'Mediterranean', 'American (Traditional)']",4.5
434,https://www.yelp.com/biz/what-the-fries-charlotte?osq=food+review,What The Fries,what-the-fries-charlotte,10707 Park Rd,"['Desserts', 'American (Traditional)']",4.5
435,https://www.yelp.com/biz/ms-didis-caribbean-kitchen-charlotte?osq=food+review,Ms. Didi’s Caribbean Kitchen,ms-didis-caribbean-kitchen-charlotte,,"['Food Trucks', 'Haitian']",5.0
436,https://www.yelp.com/biz/taco-mama-dilworth-charlotte?osq=food+review,Taco Mama - Dilworth,taco-mama-dilworth-charlotte,2452 Park Rd,['Mexican'],4.0
437,https://www.yelp.com/biz/vondas-kitchen-newark?osq=food+review,Vonda’s Kitchen,vondas-kitchen-newark,183 W Kinney St,"['Soul Food', 'Comfort Food', 'Breakfast & Brunch']",4.0
438,https://www.yelp.com/biz/tops-diner-east-newark?osq=food+review,Tops Diner,tops-diner-east-newark,500 Passaic Ave,"['Diners', 'Desserts', 'Breakfast & Brunch']",4.5
439,https://www.yelp.com/biz/little-tijuana-newark?osq=food+review,Little Tijuana,little-tijuana-newark,538 Market St,"['Lounges', 'Mexican', 'Cocktail Bars']",3.5
440,https://www.yelp.com/biz/casa-d-paco-newark?osq=food+review,Casa d’Paco,casa-d-paco-newark,73 Warwick St,"['Spanish', 'Tapas Bars', 'Wine Bars']",4.5
441,https://www.yelp.com/biz/darios-restaurant-newark?osq=food+review,Dario’s Restaurant,darios-restaurant-newark,20 Academy St,['Mexican'],4.5
442,https://www.yelp.com/biz/downtown-caribbean-eats-newark?osq=food+review,Downtown Caribbean Eats,downtown-caribbean-eats-newark,4 Branford Pl,['Caribbean'],4.0
443,https://www.yelp.com/biz/deluxe-diner-newark?osq=food+review,Deluxe Diner,deluxe-diner-newark,561 Broad St,"['Cafes', 'Diners', 'Breakfast & Brunch']",4.5
444,https://www.yelp.com/biz/sigri-indian-bbq-newark?osq=food+review,Sigri Indian BBQ,sigri-indian-bbq-newark,155 University Ave,"['Indian', 'Barbeque']",4.5
445,https://www.yelp.com/biz/good-tasty-too-chinese-restaurant-newark?osq=food+review,Good Tasty Too Chinese Restaurant,good-tasty-too-chinese-restaurant-newark,14 Green St,['Chinese'],4.0
446,https://www.yelp.com/biz/sabor-unido-newark?osq=food+review,Sabor Unido,sabor-unido-newark,77 Jefferson St,"['Portuguese', 'Brazilian']",4.5
447,https://www.yelp.com/biz/cocina-azul-albuquerque-2?osq=food+review,Cocina Azul,cocina-azul-albuquerque-2,1134 Mountain Rd NW,"['New Mexican Cuisine', 'Breakfast & Brunch']",4.5
448,https://www.yelp.com/biz/sixty-six-acres-albuquerque?osq=food+review,Sixty Six Acres,sixty-six-acres-albuquerque,2400 12th St NW,"['Cocktail Bars', 'American (New)']",4.5
449,https://www.yelp.com/biz/kamikaze-kitchen-albuquerque?osq=food+review,Kamikaze Kitchen,kamikaze-kitchen-albuquerque,,"['Food Trucks', 'Asian Fusion']",4.5
450,https://www.yelp.com/biz/noodle-works-albuquerque?osq=food+review,Noodle Works,noodle-works-albuquerque,5901-S Wyoming Blvd NE,['Chinese'],4.0
451,https://www.yelp.com/biz/la-finca-bowls-albuquerque?osq=food+review,La Finca Bowls,la-finca-bowls-albuquerque,300 Broadway Blvd NE,"['American (New)', 'Gluten-Free', 'Vegetarian']",5.0
452,https://www.yelp.com/biz/fork-and-fig-albuquerque?osq=food+review,Fork & Fig,fork-and-fig-albuquerque,6904 Menaul Blvd NE,"['Burgers', 'Sandwiches', 'Wraps']",4.5
453,https://www.yelp.com/biz/birrieria-y-tacos-alex-tijuana-style-albuquerque?osq=food+review,Birrieria Y Tacos Alex Tijuana Style,birrieria-y-tacos-alex-tijuana-style-albuquerque,,"['Food Trucks', 'Tacos']",5.0
454,https://www.yelp.com/biz/nexus-brewery-and-restuarant-albuquerque?osq=food+review,Nexus Brewery and Restuarant,nexus-brewery-and-restuarant-albuquerque,4730 Pan American E Fwy NE,"['Breweries', 'Soul Food', 'Southern']",4.0
455,https://www.yelp.com/biz/d-h-lescombes-winery-and-bistro-albuquerque?osq=food+review,D.H. Lescombes Winery & Bistro,d-h-lescombes-winery-and-bistro-albuquerque,901 Rio Grande Blvd,"['Wineries', 'French', 'American (New)']",4.0
456,https://www.yelp.com/biz/tokyo-bangkok-albuquerque-2?osq=food+review,Tokyo Bangkok,tokyo-bangkok-albuquerque-2,4959 Pan American West Fwy NE,"['Sushi Bars', 'Japanese', 'Thai']",4.0
457,https://www.yelp.com/biz/julians-providence?osq=food+review,Julians,julians-providence,318 Broadway,"['American (New)', 'Breakfast & Brunch', 'Beer Bar']",4.0
458,https://www.yelp.com/biz/chinatown-on-thayer-providence?osq=food+review,Chinatown On Thayer,chinatown-on-thayer-providence,277 Thayer St,['Chinese'],4.5
459,https://www.yelp.com/biz/rogue-island-local-kitchen-and-bar-providence-2?osq=food+review,Rogue Island Local Kitchen & Bar,rogue-island-local-kitchen-and-bar-providence-2,65 Weybosset St,"['American (New)', 'Bars', 'Breakfast & Brunch']",4.0
460,https://www.yelp.com/biz/the-district-providence-2?osq=food+review,The District,the-district-providence-2,54 South St,"['American (Traditional)', 'Pizza', 'Breakfast & Brunch']",4.5
461,https://www.yelp.com/biz/wok-and-pot-providence?osq=food+review,wok & pot,wok-and-pot-providence,333 Westminster St,"['Korean', 'Hot Pot', 'Chicken Wings']",4.0
462,https://www.yelp.com/biz/the-george-on-washington-st-providence?osq=food+review,The George on Washington St,the-george-on-washington-st-providence,121 Washington St,"['American (Traditional)', 'Piano Bars', 'Cocktail Bars']",4.5
463,https://www.yelp.com/biz/massimo-restaurant-providence?osq=food+review,Massimo Restaurant,massimo-restaurant-providence,134 Atwells Ave,"['Italian', 'Bars']",4.0
464,https://www.yelp.com/biz/chengdu-taste-providence?osq=food+review,Chengdu Taste,chengdu-taste-providence,495 Smith St,['Szechuan'],4.5
465,https://www.yelp.com/biz/lekker-bbq-providence?osq=food+review,Lekker BBQ,lekker-bbq-providence,210 Atwells Ave,"['Barbeque', 'Japanese', 'Korean']",4.5
466,https://www.yelp.com/biz/don-jose-tequilas-providence?osq=food+review,Don Jose Tequilas Resturant,don-jose-tequilas-providence,351 Atwells Ave,"['Mexican', 'Seafood', 'Desserts']",4.0
467,https://www.yelp.com/biz/backstreets-grill-columbia?osq=food+review,Backstreets Grill,backstreets-grill-columbia,2400 Devine St,"['American (New)', 'Bars', 'Seafood']",4.5
468,https://www.yelp.com/biz/goats-columbia?osq=food+review,Goat’s,goats-columbia,2017 Devine St,"['Cocktail Bars', 'American (New)', 'Wine Bars']",4.5
469,https://www.yelp.com/biz/chewys-bbq-and-grill-columbia?osq=food+review,Chewy’s BBQ & Grill,chewys-bbq-and-grill-columbia,3424 Two Notch Rd,"['Barbeque', 'Seafood', 'American (Traditional)']",4.5
470,https://www.yelp.com/biz/1801-grille-columbia?osq=food+review,1801 Grille,1801-grille-columbia,700 Lincoln St,"['Desserts', 'Cocktail Bars', 'American (Traditional)']",4.0
471,https://www.yelp.com/biz/midwood-smokehouse-columbia?osq=food+review,Midwood Smokehouse,midwood-smokehouse-columbia,702 Cross Hill Rd,"['Barbeque', 'Smokehouse', 'American (Traditional)']",4.5
472,https://www.yelp.com/biz/tacos-nayarit-columbia-4?osq=food+review,Tacos Nayarit,tacos-nayarit-columbia-4,1531 Percival Rd,['Mexican'],5.0
473,https://www.yelp.com/biz/mr-friendlys-new-southern-cafe-columbia?osq=food+review,Mr Friendly’s New Southern Cafe,mr-friendlys-new-southern-cafe-columbia,2001 Greene St,"['Cafes', 'Southern']",4.5
474,https://www.yelp.com/biz/publico-kitchen-and-tap-columbia-2?osq=food+review,Publico Kitchen and Tap,publico-kitchen-and-tap-columbia-2,2013 Greene St,"['American (New)', 'Beer, Wine & Spirits', 'Asian Fusion']",4.0
475,https://www.yelp.com/biz/halls-chophouse-columbia-columbia?osq=food+review,Halls Chophouse - Columbia,halls-chophouse-columbia-columbia,1221 Main St,['Steakhouses'],4.5
476,https://www.yelp.com/biz/bad-daddy-s-burger-bar-columbia-2?osq=food+review,Bad Daddy’s Burger Bar,bad-daddy-s-burger-bar-columbia-2,4623 Forest Dr,"['Bars', 'Burgers', 'American (Traditional)']",4.0
477,https://www.yelp.com/biz/chef-tams-underground-cafe-memphis?osq=food+review,Chef Tam’s Underground Cafe,chef-tams-underground-cafe-memphis,668 Union Ave,"['Southern', 'Cajun/Creole']",4.0
478,https://www.yelp.com/biz/curfew-memphis?osq=food+review,Curfew,curfew-memphis,164 Union Ave,"['American (New)', 'Italian', 'Spanish']",4.0
479,https://www.yelp.com/biz/sunrise-memphis-memphis?osq=food+review,Sunrise Memphis,sunrise-memphis-memphis,670 Jefferson Ave,"['Breakfast & Brunch', 'Coffee & Tea']",4.5
480,https://www.yelp.com/biz/salt-soy-memphis?osq=food+review,SALT|SOY,salt-soy-memphis,2583 Broad Ave,"['Sushi Bars', 'Izakaya', 'Asian Fusion']",3.5
481,https://www.yelp.com/biz/evelyn-and-olive-memphis-2?osq=food+review,Evelyn & Olive,evelyn-and-olive-memphis-2,630 Madison Ave,"['Caribbean', 'American (New)', 'Southern']",4.0
482,https://www.yelp.com/biz/another-broken-egg-cafe-memphis?osq=food+review,Another Broken Egg Cafe,another-broken-egg-cafe-memphis,65 S Highland St,"['Cafes', 'American (Traditional)', 'Breakfast & Brunch']",4.0
483,https://www.yelp.com/biz/straight-drop-seafood-memphis-memphis?osq=food+review,Straight Drop Seafood Memphis,straight-drop-seafood-memphis-memphis,615 Chelsea Ave,['Seafood'],4.5
484,https://www.yelp.com/biz/the-liquor-store-memphis-3?osq=food+review,The Liquor Store,the-liquor-store-memphis-3,2655 Broad Ave,"['Breakfast & Brunch', 'American (Traditional)', 'Coffee & Tea']",4.0
485,https://www.yelp.com/biz/maciels-tortas-and-tacos-memphis-6?osq=food+review,Maciel’s Tortas and Tacos,maciels-tortas-and-tacos-memphis-6,45 S Main St,"['Mexican', 'Seafood']",4.5
486,https://www.yelp.com/biz/hustle-and-dough-memphis?osq=food+review,Hustle & Dough,hustle-and-dough-memphis,477 S Main St,"['Bakeries', 'Breakfast & Brunch', 'Coffee & Tea']",5.0
487,https://www.yelp.com/biz/the-cookshack-houston?osq=food+review,The Cookshack,the-cookshack-houston,4015 Washington Ave,"['Southern', 'Chicken Shop', 'Barbeque']",5.0
488,https://www.yelp.com/biz/xing-s-kitchen-sugar-land?osq=food+review,Xing’s Kitchen,xing-s-kitchen-sugar-land,3412 State Hwy 6,"['Noodles', 'Chinese']",5.0
489,https://www.yelp.com/biz/travelers-table-houston?osq=food+review,Traveler’s Table,travelers-table-houston,520 Westheimer Rd,"['Tapas/Small Plates', 'American (New)']",4.0
490,https://www.yelp.com/biz/tj-birria-y-mas-houston?osq=food+review,TJ Birria Y Mas,tj-birria-y-mas-houston,2025 N Durham Dr,['Mexican'],5.0
491,https://www.yelp.com/biz/the-breakfast-klub-houston-2?osq=food+review,The Breakfast Klub,the-breakfast-klub-houston-2,3711 Travis St,"['Breakfast & Brunch', 'Southern', 'American (Traditional)']",4.5
492,https://www.yelp.com/biz/acme-oyster-house-houston-2?osq=food+review,Acme Oyster House,acme-oyster-house-houston-2,1201 Westheimer Rd,"['Cajun/Creole', 'Seafood']",4.0
493,https://www.yelp.com/biz/phoenicia-specialty-foods-houston-3?osq=food+review,Phoenicia Specialty Foods,phoenicia-specialty-foods-houston-3,1001 Austin St,"['Specialty Food', 'Grocery', 'Caterers']",4.5
494,https://www.yelp.com/biz/the-greasy-spoon-houston?osq=food+review,The Greasy Spoon,the-greasy-spoon-houston,636 Cypress Station Dr,"['Soul Food', 'Southern', 'Cajun/Creole']",4.0
495,https://www.yelp.com/biz/hus-cooking-houston-2?osq=food+review,Hu’s Cooking,hus-cooking-houston-2,2502 W Holcombe Blvd,['Chinese'],4.5
496,https://www.yelp.com/biz/fuku-houston-2?osq=food+review,Fuku,fuku-houston-2,401 W Dallas St,"['Chicken Shop', 'Food Delivery Services']",2.0
497,https://www.yelp.com/biz/carson-kitchen-salt-lake-city?osq=food+review,Carson Kitchen,carson-kitchen-salt-lake-city,241 W 200th S,"['American (New)', 'Cocktail Bars', 'Tapas/Small Plates']",4.5
498,https://www.yelp.com/biz/hallpass-salt-lake-city?osq=food+review,HallPass,hallpass-salt-lake-city,153 S Rio Grande St,['Food Court'],4.5
499,https://www.yelp.com/biz/white-horse-salt-lake-city?osq=food+review,White Horse,white-horse-salt-lake-city,325 S Main St,"['Cocktail Bars', 'American (Traditional)', 'Breakfast & Brunch']",4.5
500,https://www.yelp.com/biz/sweet-lake-biscuits-and-limeade-salt-lake-city?osq=food+review,Sweet Lake Biscuits & Limeade,sweet-lake-biscuits-and-limeade-salt-lake-city,54 W 1700 S,"['Breakfast & Brunch', 'American (New)', 'Comfort Food']",4.5
501,https://www.yelp.com/biz/roctaco-salt-lake-city-2?osq=food+review,ROCTACO,roctaco-salt-lake-city-2,248 S Edison St,['Tacos'],4.5
502,https://www.yelp.com/biz/pretty-bird-salt-lake-city-3?osq=food+review,Pretty Bird,pretty-bird-salt-lake-city-3,675 E 2100 S,"['Chicken Shop', 'Sandwiches']",4.0
503,https://www.yelp.com/biz/red-iguana-salt-lake-city?osq=food+review,Red Iguana,red-iguana-salt-lake-city,736 W N Temple,['Mexican'],4.5
504,https://www.yelp.com/biz/the-park-caf%C3%A9-salt-lake-city-2?osq=food+review,The Park Café,the-park-caf%C3%A9-salt-lake-city-2,604 E 1300 S,"['Breakfast & Brunch', 'American (Traditional)', 'Coffee & Tea']",4.5
505,https://www.yelp.com/biz/red-lotus-bistro-salt-lake-city?osq=food+review,Red Lotus Bistro,red-lotus-bistro-salt-lake-city,329 S State St,"['Chinese', 'Vietnamese']",5.0
506,https://www.yelp.com/biz/nomad-eatery-salt-lake-city-2?osq=food+review,Nomad Eatery,nomad-eatery-salt-lake-city-2,1722 S Fremont Dr,"['American (New)', 'Brewpubs']",4.5
507,https://www.yelp.com/biz/the-rustic-spoon-virginia-beach?osq=food+review,The Rustic Spoon,the-rustic-spoon-virginia-beach,1658 Pleasure House Rd,"['Breakfast & Brunch', 'Comfort Food', 'American (New)']",4.5
508,https://www.yelp.com/biz/taqueria-la-patrona-virginia-beach-6?osq=food+review,Taqueria La Patrona,taqueria-la-patrona-virginia-beach-6,1153 Lynnhaven Pkwy,['Mexican'],4.0
509,https://www.yelp.com/biz/hair-of-the-dog-eatery-virginia-beach-2?osq=food+review,Hair of the Dog Eatery,hair-of-the-dog-eatery-virginia-beach-2,4000 Virginia Beach Blvd,['American (Traditional)'],4.0
510,https://www.yelp.com/biz/grammy-karaoke-korean-bbq-virginia-beach?osq=food+review,Grammy Karaoke Korean BBQ,grammy-karaoke-korean-bbq-virginia-beach,904 S Lynnhaven Rd,"['Karaoke', 'Barbeque', 'Korean']",4.0
511,https://www.yelp.com/biz/the-route-58-delicatessen-virginia-beach?osq=food+review,The Route 58 Delicatessen,the-route-58-delicatessen-virginia-beach,4000 Virginia Beach Blvd,['Delis'],4.5
512,https://www.yelp.com/biz/union-ale-house-virginia-beach?osq=food+review,Union Ale House,union-ale-house-virginia-beach,2224 Virginia Beach Blvd,"['American (Traditional)', 'Pubs']",4.5
513,https://www.yelp.com/biz/a-taste-of-texas-virginia-beach?osq=food+review,A Taste of Texas,a-taste-of-texas-virginia-beach,455 S Lynnhaven Rd,['Barbeque'],4.5
514,https://www.yelp.com/biz/cantina-laredo-virginia-beach?osq=food+review,Cantina Laredo,cantina-laredo-virginia-beach,4505 Commerce St,['Mexican'],4.0
515,https://www.yelp.com/biz/boil-bay-virginia-beach?osq=food+review,Boil Bay,boil-bay-virginia-beach,3244 Holland Rd,"['Seafood', 'Cajun/Creole', 'Chicken Wings']",4.0
516,https://www.yelp.com/biz/steinhilbers-restaurant-virginia-beach-2?osq=food+review,Steinhilber’s Restaurant,steinhilbers-restaurant-virginia-beach-2,653 Thalia Rd,"['Seafood', 'Steakhouses']",4.0
517,https://www.yelp.com/biz/the-farmhouse-tap-and-grill-burlington?osq=food+review,The Farmhouse Tap & Grill,the-farmhouse-tap-and-grill-burlington,160 Bank St,"['Burgers', 'Vegetarian', 'American (Traditional)']",4.0
518,https://www.yelp.com/biz/hen-of-the-wood-burlington-2?osq=food+review,Hen of the Wood,hen-of-the-wood-burlington-2,55 Cherry St,['American (New)'],4.5
519,https://www.yelp.com/biz/thorn-and-roots-burlington-3?osq=food+review,Thorn and Roots,thorn-and-roots-burlington-3,92 Church St,"['Salad', 'Juice Bars & Smoothies', 'Acai Bowls']",4.0
520,https://www.yelp.com/biz/the-gryphon-burlington?osq=food+review,The Gryphon,the-gryphon-burlington,131 Main St,"['American (New)', 'Seafood', 'Cocktail Bars']",4.0
521,https://www.yelp.com/biz/leunigs-bistro-burlington?osq=food+review,Leunig’s Bistro,leunigs-bistro-burlington,115 Church St,"['French', 'Cocktail Bars']",4.0
522,https://www.yelp.com/biz/juniper-bar-and-restaurant-burlington?osq=food+review,Juniper Bar & Restaurant,juniper-bar-and-restaurant-burlington,41 Cherry St,['American (Traditional)'],4.0
523,https://www.yelp.com/biz/the-skinny-pancake-burlington?osq=food+review,The Skinny Pancake,the-skinny-pancake-burlington,60 Lake St,"['Creperies', 'Breakfast & Brunch', 'American (New)']",4.0
524,https://www.yelp.com/biz/honey-road-burlington?osq=food+review,Honey Road,honey-road-burlington,156 Church St,['Middle Eastern'],4.5
525,https://www.yelp.com/biz/butch-babes-burlington?osq=food+review,Butch + Babe’s,butch-babes-burlington,258 N Winooski Ave,"['Pubs', 'American (New)']",4.0
526,https://www.yelp.com/biz/restaurant-poco-burlington?osq=food+review,Restaurant Poco,restaurant-poco-burlington,55 Main St,"['American (New)', 'Tapas Bars', 'Tapas/Small Plates']",5.0
527,https://www.yelp.com/biz/katsu-ya-seattle-seattle?osq=food+review,Katsu-ya Seattle,katsu-ya-seattle-seattle,,"['Sushi Bars', 'Japanese', 'Seafood']",4.5
528,https://www.yelp.com/biz/allyum-seattle?osq=food+review,Allyum,allyum-seattle,2940 SW Avalon Way,"['Vegan', 'American (Traditional)', 'Cocktail Bars']",5.0
529,https://www.yelp.com/biz/skalka-seattle-4?osq=food+review,Skalka,skalka-seattle-4,,"['Breakfast & Brunch', 'Sandwiches', 'Georgian']",5.0
530,https://www.yelp.com/biz/biscuit-bitch-seattle?osq=food+review,Biscuit Bitch,biscuit-bitch-seattle,1909 1st Ave,"['Breakfast & Brunch', 'Coffee & Tea', 'Southern']",4.0
531,https://www.yelp.com/biz/the-pink-door-seattle-4?osq=food+review,The Pink Door,the-pink-door-seattle-4,,"['Italian', 'Wine Bars', 'Seafood']",4.5
532,https://www.yelp.com/biz/toulouse-petit-kitchen-and-lounge-seattle?osq=food+review,Toulouse Petit Kitchen & Lounge,toulouse-petit-kitchen-and-lounge-seattle,601 Queen Anne Ave N,"['Breakfast & Brunch', 'American (New)', 'Seafood']",4.0
533,https://www.yelp.com/biz/waterways-cruises-seattle?osq=food+review,Waterways Cruises,waterways-cruises-seattle,901 Fairview Avenue North,"['Boat Charters', 'Caterers', 'Venues & Event Spaces']",4.0
534,https://www.yelp.com/biz/skillet-capitol-hill-seattle-2?osq=food+review,Skillet Capitol Hill,skillet-capitol-hill-seattle-2,1400 E Union St,"['Breakfast & Brunch', 'American (New)']",4.0
535,https://www.yelp.com/biz/fog%C3%B3n-cocina-mexicana-seattle-2?osq=food+review,Fogón Cocina Mexicana,fog%C3%B3n-cocina-mexicana-seattle-2,,['Mexican'],4.5
536,https://www.yelp.com/biz/local-public-eatery-seattle-4?osq=food+review,LOCAL Public Eatery,local-public-eatery-seattle-4,404 Terry Ave N,"['Bars', 'American (New)']",4.0
537,https://www.yelp.com/biz/mad-rooster-cafe-west-milwaukee?osq=food+review,Mad Rooster Cafe,mad-rooster-cafe-west-milwaukee,4401 W Greenfield Ave,"['Cafes', 'Breakfast & Brunch']",4.5
538,https://www.yelp.com/biz/swingin-door-exchange-milwaukee?osq=food+review,Swingin’ Door Exchange,swingin-door-exchange-milwaukee,219 E Michigan St,"['American (New)', 'Pubs']",4.5
539,https://www.yelp.com/biz/bento-xpert-milwaukee?osq=food+review,Bento Xpert,bento-xpert-milwaukee,1125 N 9th St,"['Taiwanese', 'Chinese']",5.0
540,https://www.yelp.com/biz/view-mke-milwaukee?osq=food+review,View MKE,view-mke-milwaukee,1818 N Hubbard St,"['Breakfast & Brunch', 'American (Traditional)', 'Tapas/Small Plates']",4.0
541,https://www.yelp.com/biz/daddys-soul-food-grille-milwaukee?osq=food+review,Daddys Soul Food Grille,daddys-soul-food-grille-milwaukee,754 N 27th St,"['Soul Food', 'American (Traditional)', 'Southern']",4.0
542,https://www.yelp.com/biz/blue-star-cafe-milwaukee?osq=food+review,Blue Star Cafe,blue-star-cafe-milwaukee,1619 N Farwell Ave,"['American (New)', 'African']",5.0
543,https://www.yelp.com/biz/press-waffles-milwaukee?osq=food+review,Press Waffles,press-waffles-milwaukee,,"['Food Trucks', 'Waffles', 'Caterers']",4.5
544,https://www.yelp.com/biz/heavens-table-bbq-milwaukee?osq=food+review,Heaven’s Table BBQ,heavens-table-bbq-milwaukee,2238 N Farwell Ave,['Barbeque'],4.5
545,https://www.yelp.com/biz/story-hill-bkc-milwaukee?osq=food+review,Story Hill BKC,story-hill-bkc-milwaukee,5100 W Bluemound Rd,"['American (New)', 'Beer, Wine & Spirits', 'Wine Bars']",4.5
546,https://www.yelp.com/biz/ono-kine-grindz-wauwatosa?osq=food+review,Ono Kine Grindz,ono-kine-grindz-wauwatosa,7215 W North Ave,"['Hawaiian', 'Barbeque', 'Delis']",4.5
